2026-04-03T00:48:02.672+08:00  WARN 19884 --- [knowledge-base] [HikariPool-1 housekeeper] com.zaxxer.hikari.pool.HikariPool        : HikariPool-1 - Thread starvation or clock leap detected (housekeeper delta=10d18h21m12s141ms429?s200ns).
2026-04-03T00:48:12.715+08:00  INFO 19884 --- [knowledge-base] [http-nio-9902-exec-8] o.b.jimmer.sql.runtime.ExecutorForLog    : Execute SQL===>
Purpose: QUERY
SQL: select
    tb_1_.id,
    tb_1_.created_time,
    tb_1_.edited_time,
    tb_1_.name
from ai_session tb_1_
where
    tb_1_.creator_id = ? /* 3494f03bf0d9493fa4a6d1c10076b910 */
JDBC response status: success
Time cost: 4ms
<===Execute SQL
2026-04-03T00:48:12.725+08:00  INFO 19884 --- [knowledge-base] [http-nio-9902-exec-8] o.b.jimmer.sql.runtime.ExecutorForLog    : Execute SQL===>
Purpose: LOAD
SQL: select
    tb_1_.ai_session_id,
    tb_1_.id,
    tb_1_.created_time,
    tb_1_.edited_time,
    tb_1_.type,
    tb_1_.text_content,
    tb_1_.medias,
    tb_1_.ai_session_id
from ai_message tb_1_
where
    tb_1_.ai_session_id in (
        ? /* 32a65b31b5a34c6ba8425a7726def39a */, ? /* 392b05b2c5524592ac35bf03f7876b73 */
    )
order by
    tb_1_.created_time asc
JDBC response status: success
Time cost: 6ms
<===Execute SQL
2026-04-03T00:48:12.730+08:00 DEBUG 19884 --- [knowledge-base] [http-nio-9902-exec-8] i.g.q.k.i.config.ResponseInterceptor     : 响应结果：[{"id":"32a65b31b5a34c6ba8425a7726def39a","createdTime":"2026-03-22T01:37:00.344025","editedTime":"2026-03-22T01:37:00.344025","name":"新的聊天","messages":[{"id":"56303009a6c344a48183a0ea790fef85","createdTime":"2026-03-22T16:32:45.278485","editedTime":"2026-03-22T16:32:45.278485","type":"USER","textContent":"给我讲讲阿拉伯语的起源","medias":[],"sessionId":"32a65b31b5a34c6ba8425a7726def39a"},{"id":"f88f1f38bea643c8b6edc3b82da53023","createdTime":"2026-03-22T16:32:45.594208","editedTime":"2026-03-22T16:32:45.594208","type":"ASSISTANT","textContent":"阿拉伯语的起源是一个融合了语言学、历史学与考古学证据的复杂过程，其发展可大致划分为几个关键阶段：\n\n### 1. **语系归属：闪米特语族的分支**\n阿拉伯语属于**亚非语系（Afro-Asiatic）→ 闪米特语族（Semitic）→ 中部闪米特语支（Central Semitic）**。它与古希伯来语、阿拉姆语、腓尼基语、阿卡德语等同源，共享核心语法特征（如三辅音词根体系、动词派生模式、名词的性/数/格变化等）。\n\n### 2. **前伊斯兰时期：原始阿拉伯语与古北阿拉伯语**\n- **原始阿拉伯语（Proto-Arabic）**：约公元前1千纪至公元1世纪，指阿拉伯半岛北部和中部游牧部落使用的早期阿拉伯方言群，尚未形成统一书面标准。语言学家通过比较重构推测其基本形态。\n- **古北阿拉伯语（Ancient North Arabian, ANA）**：指公元前8世纪至公元4世纪在阿拉伯半岛北部（今约旦、叙利亚南部、沙特西北部）使用的多种铭文语言，如：\n  - **萨法伊语（Safaitic）**：游牧部落刻于火山岩上的草书铭文（多为简短悼词、祈愿），使用独特的字母系统；\n  - **迪丹语（Dadanitic）与泰马语（Taymanitic）**：见于古代绿洲城邦（今沙特阿尔乌拉、泰马），受阿拉姆语影响较深；\n  - **纳巴泰语（Nabataean）**：由纳巴泰王国（以佩特拉为中心）使用，后期逐渐阿拉伯化，其阿拉姆字母变体成为**阿拉伯字母的直接祖先**。\n\n> ? 关键转折点：纳巴泰铭文（尤其公元1–3世纪）中开始出现明显的阿拉伯语词汇和语法特征，标志着从“阿拉姆化的阿拉伯方言”向“用阿拉姆字母书写的阿拉伯语”的过渡。\n\n### 3. **阿拉伯字母的诞生（约4–5世纪）**\n- 阿拉伯人最初借用**纳巴泰字母**（一种阿拉姆字母的草书变体）书写自己的语言。\n- 因阿拉伯语有若干独特辅音（如 /θ/, /?/, /??/, /?/, /?/, /?/ 等），而纳巴泰字母缺乏对应符号，抄写员逐步：\n  - 增加点符（??????）区分形近字母（如 ?? ?? ?；?? ?? ?）；\n  - 调整字形，发展出连写特性；\n- 现存最早明确被认定为“阿拉伯语”的铭文是****（公元328年，约旦）——用纳巴泰字母书写，但语言已是古典阿拉伯语雏形，提及“阿拉伯人之王”Imru’ al-Qays ibn ‘Amr。\n\n### 4. **贾希利叶时期（“蒙昧时代”，约5–6世纪）：古典阿拉伯语的成熟**\n- 尽管无统一政治实体，但半岛各部族（尤其是希贾兹地区的古莱什族）发展出高度规范的口语标准，用于诗歌、盟誓、贸易与口传律法。\n- **口头传统为核心**：诗歌（如《悬诗》Mu‘allaqāt）承担语言“活字典”功能，确立了严格的韵律、词法与修辞规范。\n- 此时的语言已具备古典阿拉伯语（Classical Arabic）的核心特征：完整的三词根体系、复杂的动词变位（??????）、名词格位（???/???/??）、双数与强调式等。\n\n### 5. **伊斯兰时代：标准化与经典化（7世纪起）**\n- 公元610年起，先知穆罕默德在麦加和麦地那接受启示，《古兰经》以**希贾兹方言（Quraysh dialect of Mecca）** 降示，语言精炼、韵律严谨、词汇丰富。\n- 《古兰经》被穆斯林视为“真主的语言”，其语言形式获得神圣权威，成为阿拉伯语不可动摇的标准。\n- 8世纪起，语法学家（如西伯威、哈利勒·本·艾哈迈德）系统编纂语法、词典与语音学著作，确立**古典阿拉伯语（?????? ????????）** 规范，即今日《古兰经》与古典文献所用语言。\n\n---\n\n### 补充说明：\n- ? **方言多样性**：现代各地阿拉伯语方言（埃及、黎凡特、海湾、马格里布等）均源自古典阿拉伯语，但在伊斯兰扩张过程中与当地语言（科普特语、柏柏尔语、阿拉姆语、波斯语等）深度接触，形成显著差异。\n- ? **书面语 vs 口语**：当代阿拉伯世界普遍实行“**双语并存**”（Diglossia）：正式场合用古典阿拉伯语或其现代标准变体（MSA），日常交流用本土方言。\n- ? **字母演变**：阿拉伯字母最终定型于8–9世纪，共28个辅音字母（无元音字母，靠附加符号表示短元音），从右向左书写，是世界上最广泛使用的辅音音素文字之一。\n\n---\n\n? 总结一句话：  \n**阿拉伯语起源于阿拉伯半岛的古老闪米特方言，在纳巴泰文字基础上发展出独特字母系统，经贾希利叶诗歌传统锤炼，并因《古兰经》的神圣地位在7世纪完成标准化，成为横跨三大洲、延续1400余年的经典语言。**\n\n如需了解某一方面（如字母演变图示、方言分布、或与古希伯来语对比），欢迎继续提问！ ?","medias":[],"sessionId":"32a65b31b5a34c6ba8425a7726def39a"}]}, {"id":"392b05b2c5524592ac35bf03f7876b73","createdTime":"2026-03-22T01:32:13.751305","editedTime":"2026-03-22T01:32:13.751305","name":"新的绘画","messages":[{"id":"6ca6101727594f30b28e87f4a001019f","createdTime":"2026-03-22T01:32:23.107409","editedTime":"2026-03-22T01:32:23.107409","type":"USER","textContent":"你好呀","medias":[],"sessionId":"392b05b2c5524592ac35bf03f7876b73"},{"id":"56891cf974fe4107bd9b51c736c21a67","createdTime":"2026-03-22T01:32:23.403302","editedTime":"2026-03-22T01:32:23.403302","type":"ASSISTANT","textContent":"你好呀！? 很开心见到你～  \n有什么想聊的、想问的，或者需要帮忙的地方，随时告诉我哦！?  \n（比如：学习问题、生活小烦恼、创意点子、甚至只是想分享一件开心的小事……我都乐意听～）","medias":[],"sessionId":"392b05b2c5524592ac35bf03f7876b73"}]}]
2026-04-03T01:04:11.621+08:00  INFO 19884 --- [knowledge-base] [http-nio-9902-exec-2] o.b.jimmer.sql.runtime.ExecutorForLog    : Execute SQL===>
Purpose: QUERY
SQL: select
    tb_1_.id,
    tb_1_.created_time,
    tb_1_.edited_time,
    tb_1_.name
from ai_session tb_1_
where
    tb_1_.creator_id = ? /* 3494f03bf0d9493fa4a6d1c10076b910 */
JDBC response status: success
Time cost: 4ms
<===Execute SQL
2026-04-03T01:04:11.641+08:00  INFO 19884 --- [knowledge-base] [http-nio-9902-exec-2] o.b.jimmer.sql.runtime.ExecutorForLog    : Execute SQL===>
Purpose: LOAD
SQL: select
    tb_1_.ai_session_id,
    tb_1_.id,
    tb_1_.created_time,
    tb_1_.edited_time,
    tb_1_.type,
    tb_1_.text_content,
    tb_1_.medias,
    tb_1_.ai_session_id
from ai_message tb_1_
where
    tb_1_.ai_session_id in (
        ? /* 32a65b31b5a34c6ba8425a7726def39a */, ? /* 392b05b2c5524592ac35bf03f7876b73 */
    )
order by
    tb_1_.created_time asc
JDBC response status: success
Time cost: 19ms
<===Execute SQL
2026-04-03T01:04:11.642+08:00 DEBUG 19884 --- [knowledge-base] [http-nio-9902-exec-2] i.g.q.k.i.config.ResponseInterceptor     : 响应结果：[{"id":"32a65b31b5a34c6ba8425a7726def39a","createdTime":"2026-03-22T01:37:00.344025","editedTime":"2026-03-22T01:37:00.344025","name":"新的聊天","messages":[{"id":"56303009a6c344a48183a0ea790fef85","createdTime":"2026-03-22T16:32:45.278485","editedTime":"2026-03-22T16:32:45.278485","type":"USER","textContent":"给我讲讲阿拉伯语的起源","medias":[],"sessionId":"32a65b31b5a34c6ba8425a7726def39a"},{"id":"f88f1f38bea643c8b6edc3b82da53023","createdTime":"2026-03-22T16:32:45.594208","editedTime":"2026-03-22T16:32:45.594208","type":"ASSISTANT","textContent":"阿拉伯语的起源是一个融合了语言学、历史学与考古学证据的复杂过程，其发展可大致划分为几个关键阶段：\n\n### 1. **语系归属：闪米特语族的分支**\n阿拉伯语属于**亚非语系（Afro-Asiatic）→ 闪米特语族（Semitic）→ 中部闪米特语支（Central Semitic）**。它与古希伯来语、阿拉姆语、腓尼基语、阿卡德语等同源，共享核心语法特征（如三辅音词根体系、动词派生模式、名词的性/数/格变化等）。\n\n### 2. **前伊斯兰时期：原始阿拉伯语与古北阿拉伯语**\n- **原始阿拉伯语（Proto-Arabic）**：约公元前1千纪至公元1世纪，指阿拉伯半岛北部和中部游牧部落使用的早期阿拉伯方言群，尚未形成统一书面标准。语言学家通过比较重构推测其基本形态。\n- **古北阿拉伯语（Ancient North Arabian, ANA）**：指公元前8世纪至公元4世纪在阿拉伯半岛北部（今约旦、叙利亚南部、沙特西北部）使用的多种铭文语言，如：\n  - **萨法伊语（Safaitic）**：游牧部落刻于火山岩上的草书铭文（多为简短悼词、祈愿），使用独特的字母系统；\n  - **迪丹语（Dadanitic）与泰马语（Taymanitic）**：见于古代绿洲城邦（今沙特阿尔乌拉、泰马），受阿拉姆语影响较深；\n  - **纳巴泰语（Nabataean）**：由纳巴泰王国（以佩特拉为中心）使用，后期逐渐阿拉伯化，其阿拉姆字母变体成为**阿拉伯字母的直接祖先**。\n\n> ? 关键转折点：纳巴泰铭文（尤其公元1–3世纪）中开始出现明显的阿拉伯语词汇和语法特征，标志着从“阿拉姆化的阿拉伯方言”向“用阿拉姆字母书写的阿拉伯语”的过渡。\n\n### 3. **阿拉伯字母的诞生（约4–5世纪）**\n- 阿拉伯人最初借用**纳巴泰字母**（一种阿拉姆字母的草书变体）书写自己的语言。\n- 因阿拉伯语有若干独特辅音（如 /θ/, /?/, /??/, /?/, /?/, /?/ 等），而纳巴泰字母缺乏对应符号，抄写员逐步：\n  - 增加点符（??????）区分形近字母（如 ?? ?? ?；?? ?? ?）；\n  - 调整字形，发展出连写特性；\n- 现存最早明确被认定为“阿拉伯语”的铭文是****（公元328年，约旦）——用纳巴泰字母书写，但语言已是古典阿拉伯语雏形，提及“阿拉伯人之王”Imru’ al-Qays ibn ‘Amr。\n\n### 4. **贾希利叶时期（“蒙昧时代”，约5–6世纪）：古典阿拉伯语的成熟**\n- 尽管无统一政治实体，但半岛各部族（尤其是希贾兹地区的古莱什族）发展出高度规范的口语标准，用于诗歌、盟誓、贸易与口传律法。\n- **口头传统为核心**：诗歌（如《悬诗》Mu‘allaqāt）承担语言“活字典”功能，确立了严格的韵律、词法与修辞规范。\n- 此时的语言已具备古典阿拉伯语（Classical Arabic）的核心特征：完整的三词根体系、复杂的动词变位（??????）、名词格位（???/???/??）、双数与强调式等。\n\n### 5. **伊斯兰时代：标准化与经典化（7世纪起）**\n- 公元610年起，先知穆罕默德在麦加和麦地那接受启示，《古兰经》以**希贾兹方言（Quraysh dialect of Mecca）** 降示，语言精炼、韵律严谨、词汇丰富。\n- 《古兰经》被穆斯林视为“真主的语言”，其语言形式获得神圣权威，成为阿拉伯语不可动摇的标准。\n- 8世纪起，语法学家（如西伯威、哈利勒·本·艾哈迈德）系统编纂语法、词典与语音学著作，确立**古典阿拉伯语（?????? ????????）** 规范，即今日《古兰经》与古典文献所用语言。\n\n---\n\n### 补充说明：\n- ? **方言多样性**：现代各地阿拉伯语方言（埃及、黎凡特、海湾、马格里布等）均源自古典阿拉伯语，但在伊斯兰扩张过程中与当地语言（科普特语、柏柏尔语、阿拉姆语、波斯语等）深度接触，形成显著差异。\n- ? **书面语 vs 口语**：当代阿拉伯世界普遍实行“**双语并存**”（Diglossia）：正式场合用古典阿拉伯语或其现代标准变体（MSA），日常交流用本土方言。\n- ? **字母演变**：阿拉伯字母最终定型于8–9世纪，共28个辅音字母（无元音字母，靠附加符号表示短元音），从右向左书写，是世界上最广泛使用的辅音音素文字之一。\n\n---\n\n? 总结一句话：  \n**阿拉伯语起源于阿拉伯半岛的古老闪米特方言，在纳巴泰文字基础上发展出独特字母系统，经贾希利叶诗歌传统锤炼，并因《古兰经》的神圣地位在7世纪完成标准化，成为横跨三大洲、延续1400余年的经典语言。**\n\n如需了解某一方面（如字母演变图示、方言分布、或与古希伯来语对比），欢迎继续提问！ ?","medias":[],"sessionId":"32a65b31b5a34c6ba8425a7726def39a"}]}, {"id":"392b05b2c5524592ac35bf03f7876b73","createdTime":"2026-03-22T01:32:13.751305","editedTime":"2026-03-22T01:32:13.751305","name":"新的绘画","messages":[{"id":"6ca6101727594f30b28e87f4a001019f","createdTime":"2026-03-22T01:32:23.107409","editedTime":"2026-03-22T01:32:23.107409","type":"USER","textContent":"你好呀","medias":[],"sessionId":"392b05b2c5524592ac35bf03f7876b73"},{"id":"56891cf974fe4107bd9b51c736c21a67","createdTime":"2026-03-22T01:32:23.403302","editedTime":"2026-03-22T01:32:23.403302","type":"ASSISTANT","textContent":"你好呀！? 很开心见到你～  \n有什么想聊的、想问的，或者需要帮忙的地方，随时告诉我哦！?  \n（比如：学习问题、生活小烦恼、创意点子、甚至只是想分享一件开心的小事……我都乐意听～）","medias":[],"sessionId":"392b05b2c5524592ac35bf03f7876b73"}]}]
2026-04-03T01:13:20.220+08:00  INFO 19884 --- [knowledge-base] [http-nio-9902-exec-4] o.b.jimmer.sql.runtime.ExecutorForLog    : Execute SQL===>
Purpose: QUERY
SQL: select
    tb_1_.id,
    tb_1_.created_time,
    tb_1_.edited_time,
    tb_1_.name
from ai_session tb_1_
where
    tb_1_.creator_id = ? /* 3494f03bf0d9493fa4a6d1c10076b910 */
JDBC response status: success
Time cost: 3ms
<===Execute SQL
2026-04-03T01:13:20.226+08:00  INFO 19884 --- [knowledge-base] [http-nio-9902-exec-4] o.b.jimmer.sql.runtime.ExecutorForLog    : Execute SQL===>
Purpose: LOAD
SQL: select
    tb_1_.ai_session_id,
    tb_1_.id,
    tb_1_.created_time,
    tb_1_.edited_time,
    tb_1_.type,
    tb_1_.text_content,
    tb_1_.medias,
    tb_1_.ai_session_id
from ai_message tb_1_
where
    tb_1_.ai_session_id in (
        ? /* 32a65b31b5a34c6ba8425a7726def39a */, ? /* 392b05b2c5524592ac35bf03f7876b73 */
    )
order by
    tb_1_.created_time asc
JDBC response status: success
Time cost: 3ms
<===Execute SQL
2026-04-03T01:13:20.229+08:00 DEBUG 19884 --- [knowledge-base] [http-nio-9902-exec-4] i.g.q.k.i.config.ResponseInterceptor     : 响应结果：[{"id":"32a65b31b5a34c6ba8425a7726def39a","createdTime":"2026-03-22T01:37:00.344025","editedTime":"2026-03-22T01:37:00.344025","name":"新的聊天","messages":[{"id":"56303009a6c344a48183a0ea790fef85","createdTime":"2026-03-22T16:32:45.278485","editedTime":"2026-03-22T16:32:45.278485","type":"USER","textContent":"给我讲讲阿拉伯语的起源","medias":[],"sessionId":"32a65b31b5a34c6ba8425a7726def39a"},{"id":"f88f1f38bea643c8b6edc3b82da53023","createdTime":"2026-03-22T16:32:45.594208","editedTime":"2026-03-22T16:32:45.594208","type":"ASSISTANT","textContent":"阿拉伯语的起源是一个融合了语言学、历史学与考古学证据的复杂过程，其发展可大致划分为几个关键阶段：\n\n### 1. **语系归属：闪米特语族的分支**\n阿拉伯语属于**亚非语系（Afro-Asiatic）→ 闪米特语族（Semitic）→ 中部闪米特语支（Central Semitic）**。它与古希伯来语、阿拉姆语、腓尼基语、阿卡德语等同源，共享核心语法特征（如三辅音词根体系、动词派生模式、名词的性/数/格变化等）。\n\n### 2. **前伊斯兰时期：原始阿拉伯语与古北阿拉伯语**\n- **原始阿拉伯语（Proto-Arabic）**：约公元前1千纪至公元1世纪，指阿拉伯半岛北部和中部游牧部落使用的早期阿拉伯方言群，尚未形成统一书面标准。语言学家通过比较重构推测其基本形态。\n- **古北阿拉伯语（Ancient North Arabian, ANA）**：指公元前8世纪至公元4世纪在阿拉伯半岛北部（今约旦、叙利亚南部、沙特西北部）使用的多种铭文语言，如：\n  - **萨法伊语（Safaitic）**：游牧部落刻于火山岩上的草书铭文（多为简短悼词、祈愿），使用独特的字母系统；\n  - **迪丹语（Dadanitic）与泰马语（Taymanitic）**：见于古代绿洲城邦（今沙特阿尔乌拉、泰马），受阿拉姆语影响较深；\n  - **纳巴泰语（Nabataean）**：由纳巴泰王国（以佩特拉为中心）使用，后期逐渐阿拉伯化，其阿拉姆字母变体成为**阿拉伯字母的直接祖先**。\n\n> ? 关键转折点：纳巴泰铭文（尤其公元1–3世纪）中开始出现明显的阿拉伯语词汇和语法特征，标志着从“阿拉姆化的阿拉伯方言”向“用阿拉姆字母书写的阿拉伯语”的过渡。\n\n### 3. **阿拉伯字母的诞生（约4–5世纪）**\n- 阿拉伯人最初借用**纳巴泰字母**（一种阿拉姆字母的草书变体）书写自己的语言。\n- 因阿拉伯语有若干独特辅音（如 /θ/, /?/, /??/, /?/, /?/, /?/ 等），而纳巴泰字母缺乏对应符号，抄写员逐步：\n  - 增加点符（??????）区分形近字母（如 ?? ?? ?；?? ?? ?）；\n  - 调整字形，发展出连写特性；\n- 现存最早明确被认定为“阿拉伯语”的铭文是****（公元328年，约旦）——用纳巴泰字母书写，但语言已是古典阿拉伯语雏形，提及“阿拉伯人之王”Imru’ al-Qays ibn ‘Amr。\n\n### 4. **贾希利叶时期（“蒙昧时代”，约5–6世纪）：古典阿拉伯语的成熟**\n- 尽管无统一政治实体，但半岛各部族（尤其是希贾兹地区的古莱什族）发展出高度规范的口语标准，用于诗歌、盟誓、贸易与口传律法。\n- **口头传统为核心**：诗歌（如《悬诗》Mu‘allaqāt）承担语言“活字典”功能，确立了严格的韵律、词法与修辞规范。\n- 此时的语言已具备古典阿拉伯语（Classical Arabic）的核心特征：完整的三词根体系、复杂的动词变位（??????）、名词格位（???/???/??）、双数与强调式等。\n\n### 5. **伊斯兰时代：标准化与经典化（7世纪起）**\n- 公元610年起，先知穆罕默德在麦加和麦地那接受启示，《古兰经》以**希贾兹方言（Quraysh dialect of Mecca）** 降示，语言精炼、韵律严谨、词汇丰富。\n- 《古兰经》被穆斯林视为“真主的语言”，其语言形式获得神圣权威，成为阿拉伯语不可动摇的标准。\n- 8世纪起，语法学家（如西伯威、哈利勒·本·艾哈迈德）系统编纂语法、词典与语音学著作，确立**古典阿拉伯语（?????? ????????）** 规范，即今日《古兰经》与古典文献所用语言。\n\n---\n\n### 补充说明：\n- ? **方言多样性**：现代各地阿拉伯语方言（埃及、黎凡特、海湾、马格里布等）均源自古典阿拉伯语，但在伊斯兰扩张过程中与当地语言（科普特语、柏柏尔语、阿拉姆语、波斯语等）深度接触，形成显著差异。\n- ? **书面语 vs 口语**：当代阿拉伯世界普遍实行“**双语并存**”（Diglossia）：正式场合用古典阿拉伯语或其现代标准变体（MSA），日常交流用本土方言。\n- ? **字母演变**：阿拉伯字母最终定型于8–9世纪，共28个辅音字母（无元音字母，靠附加符号表示短元音），从右向左书写，是世界上最广泛使用的辅音音素文字之一。\n\n---\n\n? 总结一句话：  \n**阿拉伯语起源于阿拉伯半岛的古老闪米特方言，在纳巴泰文字基础上发展出独特字母系统，经贾希利叶诗歌传统锤炼，并因《古兰经》的神圣地位在7世纪完成标准化，成为横跨三大洲、延续1400余年的经典语言。**\n\n如需了解某一方面（如字母演变图示、方言分布、或与古希伯来语对比），欢迎继续提问！ ?","medias":[],"sessionId":"32a65b31b5a34c6ba8425a7726def39a"}]}, {"id":"392b05b2c5524592ac35bf03f7876b73","createdTime":"2026-03-22T01:32:13.751305","editedTime":"2026-03-22T01:32:13.751305","name":"新的绘画","messages":[{"id":"6ca6101727594f30b28e87f4a001019f","createdTime":"2026-03-22T01:32:23.107409","editedTime":"2026-03-22T01:32:23.107409","type":"USER","textContent":"你好呀","medias":[],"sessionId":"392b05b2c5524592ac35bf03f7876b73"},{"id":"56891cf974fe4107bd9b51c736c21a67","createdTime":"2026-03-22T01:32:23.403302","editedTime":"2026-03-22T01:32:23.403302","type":"ASSISTANT","textContent":"你好呀！? 很开心见到你～  \n有什么想聊的、想问的，或者需要帮忙的地方，随时告诉我哦！?  \n（比如：学习问题、生活小烦恼、创意点子、甚至只是想分享一件开心的小事……我都乐意听～）","medias":[],"sessionId":"392b05b2c5524592ac35bf03f7876b73"}]}]
2026-04-03T01:23:34.135+08:00  WARN 19884 --- [knowledge-base] [Thread-17] c.a.nacos.common.notify.NotifyCenter     : [NotifyCenter] Start destroying Publisher
2026-04-03T01:23:34.136+08:00  WARN 19884 --- [knowledge-base] [Thread-15] c.a.n.common.http.HttpClientBeanHolder   : [HttpClientBeanHolder] Start destroying common HttpClient
2026-04-03T01:23:34.137+08:00  WARN 19884 --- [knowledge-base] [Thread-1] c.a.n.common.executor.ThreadPoolManager  : [ThreadPoolManager] Start destroying ThreadPool
2026-04-03T01:23:34.139+08:00  WARN 19884 --- [knowledge-base] [Thread-17] c.a.nacos.common.notify.NotifyCenter     : [NotifyCenter] Destruction of the end
2026-04-03T01:23:34.141+08:00  WARN 19884 --- [knowledge-base] [Thread-1] c.a.n.common.executor.ThreadPoolManager  : [ThreadPoolManager] Destruction of the end
2026-04-03T01:23:34.151+08:00  WARN 19884 --- [knowledge-base] [Thread-15] c.a.n.common.http.HttpClientBeanHolder   : [HttpClientBeanHolder] Destruction of the end
2026-04-03T01:23:34.562+08:00  INFO 19884 --- [knowledge-base] [SpringApplicationShutdownHook] o.neo4j.driver.internal.InternalDriver   : Closing driver instance 907749781
2026-04-03T01:23:34.868+08:00  INFO 19884 --- [knowledge-base] [SpringApplicationShutdownHook] com.zaxxer.hikari.HikariDataSource       : HikariPool-1 - Shutdown initiated...
2026-04-03T01:23:34.887+08:00  INFO 19884 --- [knowledge-base] [SpringApplicationShutdownHook] com.zaxxer.hikari.HikariDataSource       : HikariPool-1 - Shutdown completed.
2026-04-03T01:25:38.717+08:00  INFO 74452 --- [knowledge-base] [main] c.a.nacos.client.logging.NacosLogging    : Nacos Logging Adapter Builder: com.alibaba.nacos.logger.adapter.logback12.LogbackNacosLoggingAdapterBuilder
2026-04-03T01:25:38.750+08:00  INFO 74452 --- [knowledge-base] [main] c.a.nacos.client.logging.NacosLogging    : Nacos Logging Adapter Builder: com.alibaba.nacos.logger.adapter.logback14.LogbackNacosLoggingAdapterBuilder
2026-04-03T01:25:38.753+08:00  INFO 74452 --- [knowledge-base] [main] c.a.nacos.client.logging.NacosLogging    : Nacos Logging Adapter: com.alibaba.nacos.logger.adapter.logback14.LogbackNacosLoggingAdapter match ch.qos.logback.classic.Logger success.
2026-04-03T01:25:38.789+08:00  INFO 74452 --- [knowledge-base] [main] c.a.nacos.client.logging.NacosLogging    : Nacos Logging Adapter Builder: com.alibaba.nacos.logger.adapter.log4j2.Log4j2NacosLoggingAdapterBuilder
2026-04-03T01:25:39.426+08:00  INFO 74452 --- [knowledge-base] [main] i.g.q.knowledge.ServerApplication        : Starting ServerApplication using Java 17.0.11 with PID 74452 (E:\桌面文件\2024Winter\Agent4U\dive-into-spring-ai\target\classes started by DELL in E:\桌面文件\2024Winter\Agent4U\dive-into-spring-ai)
2026-04-03T01:25:39.429+08:00 DEBUG 74452 --- [knowledge-base] [main] i.g.q.knowledge.ServerApplication        : Running with Spring Boot v3.2.1, Spring v6.1.2
2026-04-03T01:25:39.431+08:00  INFO 74452 --- [knowledge-base] [main] i.g.q.knowledge.ServerApplication        : The following 2 profiles are active: "dev", "private"
2026-04-03T01:25:42.892+08:00  INFO 74452 --- [knowledge-base] [main] .s.d.r.c.RepositoryConfigurationDelegate : Multiple Spring Data modules found, entering strict repository configuration mode
2026-04-03T01:25:42.897+08:00  INFO 74452 --- [knowledge-base] [main] .s.d.r.c.RepositoryConfigurationDelegate : Bootstrapping Spring Data Jimmer repositories in DEFAULT mode.
2026-04-03T01:25:43.431+08:00  INFO 74452 --- [knowledge-base] [main] .s.d.r.c.RepositoryConfigurationDelegate : Finished Spring Data repository scanning in 522 ms. Found 3 Jimmer repository interfaces.
2026-04-03T01:25:43.914+08:00  INFO 74452 --- [knowledge-base] [main] .s.d.r.c.RepositoryConfigurationDelegate : Multiple Spring Data modules found, entering strict repository configuration mode
2026-04-03T01:25:43.918+08:00  INFO 74452 --- [knowledge-base] [main] .s.d.r.c.RepositoryConfigurationDelegate : Bootstrapping Spring Data Neo4j repositories in DEFAULT mode.
2026-04-03T01:25:43.951+08:00  INFO 74452 --- [knowledge-base] [main] .RepositoryConfigurationExtensionSupport : Spring Data Neo4j - Could not safely identify store assignment for repository candidate interface io.github.qifan777.knowledge.ai.aiMessage.AiMessageRepository; If you want this repository to be a Neo4j repository, consider annotating your entities with one of these annotations: org.springframework.data.neo4j.core.schema.Node, org.springframework.data.neo4j.core.schema.RelationshipProperties (preferred), or consider extending one of the following types with your repository: org.springframework.data.neo4j.repository.ReactiveNeo4jRepository
2026-04-03T01:25:43.953+08:00  INFO 74452 --- [knowledge-base] [main] .RepositoryConfigurationExtensionSupport : Spring Data Neo4j - Could not safely identify store assignment for repository candidate interface io.github.qifan777.knowledge.ai.session.AiSessionRepository; If you want this repository to be a Neo4j repository, consider annotating your entities with one of these annotations: org.springframework.data.neo4j.core.schema.Node, org.springframework.data.neo4j.core.schema.RelationshipProperties (preferred), or consider extending one of the following types with your repository: org.springframework.data.neo4j.repository.ReactiveNeo4jRepository
2026-04-03T01:25:43.954+08:00  INFO 74452 --- [knowledge-base] [main] .RepositoryConfigurationExtensionSupport : Spring Data Neo4j - Could not safely identify store assignment for repository candidate interface io.github.qifan777.knowledge.user.UserRepository; If you want this repository to be a Neo4j repository, consider annotating your entities with one of these annotations: org.springframework.data.neo4j.core.schema.Node, org.springframework.data.neo4j.core.schema.RelationshipProperties (preferred), or consider extending one of the following types with your repository: org.springframework.data.neo4j.repository.ReactiveNeo4jRepository
2026-04-03T01:25:43.957+08:00  INFO 74452 --- [knowledge-base] [main] .s.d.r.c.RepositoryConfigurationDelegate : Finished Spring Data repository scanning in 36 ms. Found 0 Neo4j repository interfaces.
2026-04-03T01:25:43.972+08:00  INFO 74452 --- [knowledge-base] [main] .s.d.r.c.RepositoryConfigurationDelegate : Multiple Spring Data modules found, entering strict repository configuration mode
2026-04-03T01:25:43.975+08:00  INFO 74452 --- [knowledge-base] [main] .s.d.r.c.RepositoryConfigurationDelegate : Bootstrapping Spring Data Neo4j repositories in DEFAULT mode.
2026-04-03T01:25:43.996+08:00  INFO 74452 --- [knowledge-base] [main] .RepositoryConfigurationExtensionSupport : Spring Data Neo4j - Could not safely identify store assignment for repository candidate interface io.github.qifan777.knowledge.ai.aiMessage.AiMessageRepository; If you want this repository to be a Neo4j repository, consider annotating your entities with one of these annotations: org.springframework.data.neo4j.core.schema.Node, org.springframework.data.neo4j.core.schema.RelationshipProperties (preferred), or consider extending one of the following types with your repository: org.springframework.data.neo4j.repository.Neo4jRepository
2026-04-03T01:25:43.998+08:00  INFO 74452 --- [knowledge-base] [main] .RepositoryConfigurationExtensionSupport : Spring Data Neo4j - Could not safely identify store assignment for repository candidate interface io.github.qifan777.knowledge.ai.session.AiSessionRepository; If you want this repository to be a Neo4j repository, consider annotating your entities with one of these annotations: org.springframework.data.neo4j.core.schema.Node, org.springframework.data.neo4j.core.schema.RelationshipProperties (preferred), or consider extending one of the following types with your repository: org.springframework.data.neo4j.repository.Neo4jRepository
2026-04-03T01:25:44.000+08:00  INFO 74452 --- [knowledge-base] [main] .RepositoryConfigurationExtensionSupport : Spring Data Neo4j - Could not safely identify store assignment for repository candidate interface io.github.qifan777.knowledge.user.UserRepository; If you want this repository to be a Neo4j repository, consider annotating your entities with one of these annotations: org.springframework.data.neo4j.core.schema.Node, org.springframework.data.neo4j.core.schema.RelationshipProperties (preferred), or consider extending one of the following types with your repository: org.springframework.data.neo4j.repository.Neo4jRepository
2026-04-03T01:25:44.001+08:00  INFO 74452 --- [knowledge-base] [main] .s.d.r.c.RepositoryConfigurationDelegate : Finished Spring Data repository scanning in 25 ms. Found 0 Neo4j repository interfaces.
2026-04-03T01:25:44.710+08:00  WARN 74452 --- [knowledge-base] [main] trationDelegate$BeanPostProcessorChecker : Bean 'com.alibaba.cloud.nacos.NacosConfigAutoConfiguration' of type [com.alibaba.cloud.nacos.NacosConfigAutoConfiguration] is not eligible for getting processed by all BeanPostProcessors (for example: not eligible for auto-proxying). The currently created BeanPostProcessor [nacosAnnotationProcessor] is declared through a non-static factory method on that class; consider declaring it as static instead.
2026-04-03T01:25:44.748+08:00  WARN 74452 --- [knowledge-base] [main] trationDelegate$BeanPostProcessorChecker : Bean 'nacosConfigProperties' of type [com.alibaba.cloud.nacos.NacosConfigProperties] is not eligible for getting processed by all BeanPostProcessors (for example: not eligible for auto-proxying). Is this bean getting eagerly injected into a currently created BeanPostProcessor [nacosAnnotationProcessor]? Check the corresponding BeanPostProcessor declaration and its dependencies.
2026-04-03T01:25:45.369+08:00  INFO 74452 --- [knowledge-base] [main] c.a.n.p.a.s.c.ClientAuthPluginManager    : [ClientAuthPluginManager] Load ClientAuthService com.alibaba.nacos.client.auth.impl.NacosClientAuthServiceImpl success.
2026-04-03T01:25:45.371+08:00  INFO 74452 --- [knowledge-base] [main] c.a.n.p.a.s.c.ClientAuthPluginManager    : [ClientAuthPluginManager] Load ClientAuthService com.alibaba.nacos.client.auth.ram.RamClientAuthServiceImpl success.
2026-04-03T01:25:45.382+08:00  WARN 74452 --- [knowledge-base] [main] trationDelegate$BeanPostProcessorChecker : Bean 'nacosConfigManager' of type [com.alibaba.cloud.nacos.NacosConfigManager] is not eligible for getting processed by all BeanPostProcessors (for example: not eligible for auto-proxying). Is this bean getting eagerly injected into a currently created BeanPostProcessor [nacosAnnotationProcessor]? Check the corresponding BeanPostProcessor declaration and its dependencies.
2026-04-03T01:25:46.226+08:00  INFO 74452 --- [knowledge-base] [main] o.s.b.w.embedded.tomcat.TomcatWebServer  : Tomcat initialized with port 9902 (http)
2026-04-03T01:25:46.256+08:00  INFO 74452 --- [knowledge-base] [main] o.apache.catalina.core.StandardService   : Starting service [Tomcat]
2026-04-03T01:25:46.258+08:00  INFO 74452 --- [knowledge-base] [main] o.apache.catalina.core.StandardEngine    : Starting Servlet engine: [Apache Tomcat/10.1.17]
2026-04-03T01:25:46.682+08:00  INFO 74452 --- [knowledge-base] [main] o.a.c.c.C.[Tomcat].[localhost].[/]       : Initializing Spring embedded WebApplicationContext
2026-04-03T01:25:46.684+08:00  INFO 74452 --- [knowledge-base] [main] w.s.c.ServletWebServerApplicationContext : Root WebApplicationContext: initialization completed in 7089 ms
2026-04-03T01:25:50.147+08:00  WARN 74452 --- [knowledge-base] [main] ConfigServletWebServerApplicationContext : Exception encountered during context initialization - cancelling refresh attempt: org.springframework.beans.factory.UnsatisfiedDependencyException: Error creating bean with name 'aiMessageController' defined in file [E:\桌面文件\2024Winter\Agent4U\dive-into-spring-ai\target\classes\io\github\qifan777\knowledge\ai\aiMessage\AiMessageController.class]: Unsatisfied dependency expressed through constructor parameter 3: Error creating bean with name 'vectorStore' defined in class path resource [io/github/qifan777/knowledge/infrastructure/config/RedisVectorConfig.class]: ERR unknown command 'FT._LIST'
2026-04-03T01:25:50.154+08:00  INFO 74452 --- [knowledge-base] [main] o.apache.catalina.core.StandardService   : Stopping service [Tomcat]
2026-04-03T01:25:50.194+08:00  INFO 74452 --- [knowledge-base] [main] .s.b.a.l.ConditionEvaluationReportLogger : 

Error starting ApplicationContext. To display the condition evaluation report re-run your application with 'debug' enabled.
2026-04-03T01:25:50.229+08:00 ERROR 74452 --- [knowledge-base] [main] o.s.boot.SpringApplication               : Application run failed

org.springframework.beans.factory.UnsatisfiedDependencyException: Error creating bean with name 'aiMessageController' defined in file [E:\桌面文件\2024Winter\Agent4U\dive-into-spring-ai\target\classes\io\github\qifan777\knowledge\ai\aiMessage\AiMessageController.class]: Unsatisfied dependency expressed through constructor parameter 3: Error creating bean with name 'vectorStore' defined in class path resource [io/github/qifan777/knowledge/infrastructure/config/RedisVectorConfig.class]: ERR unknown command 'FT._LIST'
	at org.springframework.beans.factory.support.ConstructorResolver.createArgumentArray(ConstructorResolver.java:802) ~[spring-beans-6.1.2.jar:6.1.2]
	at org.springframework.beans.factory.support.ConstructorResolver.autowireConstructor(ConstructorResolver.java:241) ~[spring-beans-6.1.2.jar:6.1.2]
	at org.springframework.beans.factory.support.AbstractAutowireCapableBeanFactory.autowireConstructor(AbstractAutowireCapableBeanFactory.java:1354) ~[spring-beans-6.1.2.jar:6.1.2]
	at org.springframework.beans.factory.support.AbstractAutowireCapableBeanFactory.createBeanInstance(AbstractAutowireCapableBeanFactory.java:1191) ~[spring-beans-6.1.2.jar:6.1.2]
	at org.springframework.beans.factory.support.AbstractAutowireCapableBeanFactory.doCreateBean(AbstractAutowireCapableBeanFactory.java:561) ~[spring-beans-6.1.2.jar:6.1.2]
	at org.springframework.beans.factory.support.AbstractAutowireCapableBeanFactory.createBean(AbstractAutowireCapableBeanFactory.java:521) ~[spring-beans-6.1.2.jar:6.1.2]
	at org.springframework.beans.factory.support.AbstractBeanFactory.lambda$doGetBean$0(AbstractBeanFactory.java:325) ~[spring-beans-6.1.2.jar:6.1.2]
	at org.springframework.beans.factory.support.DefaultSingletonBeanRegistry.getSingleton(DefaultSingletonBeanRegistry.java:234) ~[spring-beans-6.1.2.jar:6.1.2]
	at org.springframework.beans.factory.support.AbstractBeanFactory.doGetBean(AbstractBeanFactory.java:323) ~[spring-beans-6.1.2.jar:6.1.2]
	at org.springframework.beans.factory.support.AbstractBeanFactory.getBean(AbstractBeanFactory.java:199) ~[spring-beans-6.1.2.jar:6.1.2]
	at org.springframework.beans.factory.support.DefaultListableBeanFactory.preInstantiateSingletons(DefaultListableBeanFactory.java:975) ~[spring-beans-6.1.2.jar:6.1.2]
	at org.springframework.context.support.AbstractApplicationContext.finishBeanFactoryInitialization(AbstractApplicationContext.java:960) ~[spring-context-6.1.2.jar:6.1.2]
	at org.springframework.context.support.AbstractApplicationContext.refresh(AbstractApplicationContext.java:625) ~[spring-context-6.1.2.jar:6.1.2]
	at org.springframework.boot.web.servlet.context.ServletWebServerApplicationContext.refresh(ServletWebServerApplicationContext.java:146) ~[spring-boot-3.2.1.jar:3.2.1]
	at org.springframework.boot.SpringApplication.refresh(SpringApplication.java:762) ~[spring-boot-3.2.1.jar:3.2.1]
	at org.springframework.boot.SpringApplication.refreshContext(SpringApplication.java:464) ~[spring-boot-3.2.1.jar:3.2.1]
	at org.springframework.boot.SpringApplication.run(SpringApplication.java:334) ~[spring-boot-3.2.1.jar:3.2.1]
	at org.springframework.boot.SpringApplication.run(SpringApplication.java:1358) ~[spring-boot-3.2.1.jar:3.2.1]
	at org.springframework.boot.SpringApplication.run(SpringApplication.java:1347) ~[spring-boot-3.2.1.jar:3.2.1]
	at io.github.qifan777.knowledge.ServerApplication.main(ServerApplication.java:11) ~[classes/:na]
Caused by: org.springframework.beans.factory.BeanCreationException: Error creating bean with name 'vectorStore' defined in class path resource [io/github/qifan777/knowledge/infrastructure/config/RedisVectorConfig.class]: ERR unknown command 'FT._LIST'
	at org.springframework.beans.factory.support.AbstractAutowireCapableBeanFactory.initializeBean(AbstractAutowireCapableBeanFactory.java:1773) ~[spring-beans-6.1.2.jar:6.1.2]
	at org.springframework.beans.factory.support.AbstractAutowireCapableBeanFactory.doCreateBean(AbstractAutowireCapableBeanFactory.java:599) ~[spring-beans-6.1.2.jar:6.1.2]
	at org.springframework.beans.factory.support.AbstractAutowireCapableBeanFactory.createBean(AbstractAutowireCapableBeanFactory.java:521) ~[spring-beans-6.1.2.jar:6.1.2]
	at org.springframework.beans.factory.support.AbstractBeanFactory.lambda$doGetBean$0(AbstractBeanFactory.java:325) ~[spring-beans-6.1.2.jar:6.1.2]
	at org.springframework.beans.factory.support.DefaultSingletonBeanRegistry.getSingleton(DefaultSingletonBeanRegistry.java:234) ~[spring-beans-6.1.2.jar:6.1.2]
	at org.springframework.beans.factory.support.AbstractBeanFactory.doGetBean(AbstractBeanFactory.java:323) ~[spring-beans-6.1.2.jar:6.1.2]
	at org.springframework.beans.factory.support.AbstractBeanFactory.getBean(AbstractBeanFactory.java:199) ~[spring-beans-6.1.2.jar:6.1.2]
	at org.springframework.beans.factory.config.DependencyDescriptor.resolveCandidate(DependencyDescriptor.java:254) ~[spring-beans-6.1.2.jar:6.1.2]
	at org.springframework.beans.factory.support.DefaultListableBeanFactory.doResolveDependency(DefaultListableBeanFactory.java:1443) ~[spring-beans-6.1.2.jar:6.1.2]
	at org.springframework.beans.factory.support.DefaultListableBeanFactory.resolveDependency(DefaultListableBeanFactory.java:1353) ~[spring-beans-6.1.2.jar:6.1.2]
	at org.springframework.beans.factory.support.ConstructorResolver.resolveAutowiredArgument(ConstructorResolver.java:911) ~[spring-beans-6.1.2.jar:6.1.2]
	at org.springframework.beans.factory.support.ConstructorResolver.createArgumentArray(ConstructorResolver.java:789) ~[spring-beans-6.1.2.jar:6.1.2]
	... 19 common frames omitted
Caused by: redis.clients.jedis.exceptions.JedisDataException: ERR unknown command 'FT._LIST'
	at redis.clients.jedis.Protocol.processError(Protocol.java:110) ~[jedis-5.2.0.jar:na]
	at redis.clients.jedis.Protocol.process(Protocol.java:158) ~[jedis-5.2.0.jar:na]
	at redis.clients.jedis.Protocol.read(Protocol.java:221) ~[jedis-5.2.0.jar:na]
	at redis.clients.jedis.Connection.protocolRead(Connection.java:379) ~[jedis-5.2.0.jar:na]
	at redis.clients.jedis.Connection.readProtocolWithCheckingBroken(Connection.java:392) ~[jedis-5.2.0.jar:na]
	at redis.clients.jedis.Connection.getOne(Connection.java:365) ~[jedis-5.2.0.jar:na]
	at redis.clients.jedis.Connection.executeCommand(Connection.java:170) ~[jedis-5.2.0.jar:na]
	at redis.clients.jedis.executors.DefaultCommandExecutor.executeCommand(DefaultCommandExecutor.java:24) ~[jedis-5.2.0.jar:na]
	at redis.clients.jedis.UnifiedJedis.executeCommand(UnifiedJedis.java:308) ~[jedis-5.2.0.jar:na]
	at redis.clients.jedis.UnifiedJedis.ftList(UnifiedJedis.java:4119) ~[jedis-5.2.0.jar:na]
	at org.springframework.ai.vectorstore.RedisVectorStore.afterPropertiesSet(RedisVectorStore.java:428) ~[spring-ai-redis-store-1.0.0-M3.jar:1.0.0-M3]
	at org.springframework.beans.factory.support.AbstractAutowireCapableBeanFactory.invokeInitMethods(AbstractAutowireCapableBeanFactory.java:1820) ~[spring-beans-6.1.2.jar:6.1.2]
	at org.springframework.beans.factory.support.AbstractAutowireCapableBeanFactory.initializeBean(AbstractAutowireCapableBeanFactory.java:1769) ~[spring-beans-6.1.2.jar:6.1.2]
	... 30 common frames omitted

2026-04-03T01:26:34.435+08:00  WARN 74452 --- [knowledge-base] [Thread-1] c.a.n.common.executor.ThreadPoolManager  : [ThreadPoolManager] Start destroying ThreadPool
2026-04-03T01:26:34.435+08:00  WARN 74452 --- [knowledge-base] [Thread-15] c.a.n.common.http.HttpClientBeanHolder   : [HttpClientBeanHolder] Start destroying common HttpClient
2026-04-03T01:42:17.742+08:00  INFO 84932 --- [knowledge-base] [main] c.a.nacos.client.logging.NacosLogging    : Nacos Logging Adapter Builder: com.alibaba.nacos.logger.adapter.logback12.LogbackNacosLoggingAdapterBuilder
2026-04-03T01:42:17.760+08:00  INFO 84932 --- [knowledge-base] [main] c.a.nacos.client.logging.NacosLogging    : Nacos Logging Adapter Builder: com.alibaba.nacos.logger.adapter.logback14.LogbackNacosLoggingAdapterBuilder
2026-04-03T01:42:17.763+08:00  INFO 84932 --- [knowledge-base] [main] c.a.nacos.client.logging.NacosLogging    : Nacos Logging Adapter: com.alibaba.nacos.logger.adapter.logback14.LogbackNacosLoggingAdapter match ch.qos.logback.classic.Logger success.
2026-04-03T01:42:17.799+08:00  INFO 84932 --- [knowledge-base] [main] c.a.nacos.client.logging.NacosLogging    : Nacos Logging Adapter Builder: com.alibaba.nacos.logger.adapter.log4j2.Log4j2NacosLoggingAdapterBuilder
2026-04-03T01:42:18.374+08:00  INFO 84932 --- [knowledge-base] [main] i.g.q.knowledge.ServerApplication        : Starting ServerApplication using Java 17.0.11 with PID 84932 (E:\桌面文件\2024Winter\Agent4U\dive-into-spring-ai\target\classes started by DELL in E:\桌面文件\2024Winter\Agent4U\dive-into-spring-ai)
2026-04-03T01:42:18.376+08:00 DEBUG 84932 --- [knowledge-base] [main] i.g.q.knowledge.ServerApplication        : Running with Spring Boot v3.2.1, Spring v6.1.2
2026-04-03T01:42:18.379+08:00  INFO 84932 --- [knowledge-base] [main] i.g.q.knowledge.ServerApplication        : The following 2 profiles are active: "dev", "private"
2026-04-03T01:42:22.187+08:00  INFO 84932 --- [knowledge-base] [main] .s.d.r.c.RepositoryConfigurationDelegate : Multiple Spring Data modules found, entering strict repository configuration mode
2026-04-03T01:42:22.191+08:00  INFO 84932 --- [knowledge-base] [main] .s.d.r.c.RepositoryConfigurationDelegate : Bootstrapping Spring Data Jimmer repositories in DEFAULT mode.
2026-04-03T01:42:22.576+08:00  INFO 84932 --- [knowledge-base] [main] .s.d.r.c.RepositoryConfigurationDelegate : Finished Spring Data repository scanning in 372 ms. Found 3 Jimmer repository interfaces.
2026-04-03T01:42:23.210+08:00  INFO 84932 --- [knowledge-base] [main] .s.d.r.c.RepositoryConfigurationDelegate : Multiple Spring Data modules found, entering strict repository configuration mode
2026-04-03T01:42:23.216+08:00  INFO 84932 --- [knowledge-base] [main] .s.d.r.c.RepositoryConfigurationDelegate : Bootstrapping Spring Data Neo4j repositories in DEFAULT mode.
2026-04-03T01:42:23.256+08:00  INFO 84932 --- [knowledge-base] [main] .RepositoryConfigurationExtensionSupport : Spring Data Neo4j - Could not safely identify store assignment for repository candidate interface io.github.qifan777.knowledge.ai.aiMessage.AiMessageRepository; If you want this repository to be a Neo4j repository, consider annotating your entities with one of these annotations: org.springframework.data.neo4j.core.schema.Node, org.springframework.data.neo4j.core.schema.RelationshipProperties (preferred), or consider extending one of the following types with your repository: org.springframework.data.neo4j.repository.ReactiveNeo4jRepository
2026-04-03T01:42:23.259+08:00  INFO 84932 --- [knowledge-base] [main] .RepositoryConfigurationExtensionSupport : Spring Data Neo4j - Could not safely identify store assignment for repository candidate interface io.github.qifan777.knowledge.ai.session.AiSessionRepository; If you want this repository to be a Neo4j repository, consider annotating your entities with one of these annotations: org.springframework.data.neo4j.core.schema.Node, org.springframework.data.neo4j.core.schema.RelationshipProperties (preferred), or consider extending one of the following types with your repository: org.springframework.data.neo4j.repository.ReactiveNeo4jRepository
2026-04-03T01:42:23.261+08:00  INFO 84932 --- [knowledge-base] [main] .RepositoryConfigurationExtensionSupport : Spring Data Neo4j - Could not safely identify store assignment for repository candidate interface io.github.qifan777.knowledge.user.UserRepository; If you want this repository to be a Neo4j repository, consider annotating your entities with one of these annotations: org.springframework.data.neo4j.core.schema.Node, org.springframework.data.neo4j.core.schema.RelationshipProperties (preferred), or consider extending one of the following types with your repository: org.springframework.data.neo4j.repository.ReactiveNeo4jRepository
2026-04-03T01:42:23.263+08:00  INFO 84932 --- [knowledge-base] [main] .s.d.r.c.RepositoryConfigurationDelegate : Finished Spring Data repository scanning in 41 ms. Found 0 Neo4j repository interfaces.
2026-04-03T01:42:23.279+08:00  INFO 84932 --- [knowledge-base] [main] .s.d.r.c.RepositoryConfigurationDelegate : Multiple Spring Data modules found, entering strict repository configuration mode
2026-04-03T01:42:23.282+08:00  INFO 84932 --- [knowledge-base] [main] .s.d.r.c.RepositoryConfigurationDelegate : Bootstrapping Spring Data Neo4j repositories in DEFAULT mode.
2026-04-03T01:42:23.314+08:00  INFO 84932 --- [knowledge-base] [main] .RepositoryConfigurationExtensionSupport : Spring Data Neo4j - Could not safely identify store assignment for repository candidate interface io.github.qifan777.knowledge.ai.aiMessage.AiMessageRepository; If you want this repository to be a Neo4j repository, consider annotating your entities with one of these annotations: org.springframework.data.neo4j.core.schema.Node, org.springframework.data.neo4j.core.schema.RelationshipProperties (preferred), or consider extending one of the following types with your repository: org.springframework.data.neo4j.repository.Neo4jRepository
2026-04-03T01:42:23.315+08:00  INFO 84932 --- [knowledge-base] [main] .RepositoryConfigurationExtensionSupport : Spring Data Neo4j - Could not safely identify store assignment for repository candidate interface io.github.qifan777.knowledge.ai.session.AiSessionRepository; If you want this repository to be a Neo4j repository, consider annotating your entities with one of these annotations: org.springframework.data.neo4j.core.schema.Node, org.springframework.data.neo4j.core.schema.RelationshipProperties (preferred), or consider extending one of the following types with your repository: org.springframework.data.neo4j.repository.Neo4jRepository
2026-04-03T01:42:23.319+08:00  INFO 84932 --- [knowledge-base] [main] .RepositoryConfigurationExtensionSupport : Spring Data Neo4j - Could not safely identify store assignment for repository candidate interface io.github.qifan777.knowledge.user.UserRepository; If you want this repository to be a Neo4j repository, consider annotating your entities with one of these annotations: org.springframework.data.neo4j.core.schema.Node, org.springframework.data.neo4j.core.schema.RelationshipProperties (preferred), or consider extending one of the following types with your repository: org.springframework.data.neo4j.repository.Neo4jRepository
2026-04-03T01:42:23.321+08:00  INFO 84932 --- [knowledge-base] [main] .s.d.r.c.RepositoryConfigurationDelegate : Finished Spring Data repository scanning in 31 ms. Found 0 Neo4j repository interfaces.
2026-04-03T01:42:24.174+08:00  WARN 84932 --- [knowledge-base] [main] trationDelegate$BeanPostProcessorChecker : Bean 'com.alibaba.cloud.nacos.NacosConfigAutoConfiguration' of type [com.alibaba.cloud.nacos.NacosConfigAutoConfiguration] is not eligible for getting processed by all BeanPostProcessors (for example: not eligible for auto-proxying). The currently created BeanPostProcessor [nacosAnnotationProcessor] is declared through a non-static factory method on that class; consider declaring it as static instead.
2026-04-03T01:42:24.221+08:00  WARN 84932 --- [knowledge-base] [main] trationDelegate$BeanPostProcessorChecker : Bean 'nacosConfigProperties' of type [com.alibaba.cloud.nacos.NacosConfigProperties] is not eligible for getting processed by all BeanPostProcessors (for example: not eligible for auto-proxying). Is this bean getting eagerly injected into a currently created BeanPostProcessor [nacosAnnotationProcessor]? Check the corresponding BeanPostProcessor declaration and its dependencies.
2026-04-03T01:42:24.920+08:00  INFO 84932 --- [knowledge-base] [main] c.a.n.p.a.s.c.ClientAuthPluginManager    : [ClientAuthPluginManager] Load ClientAuthService com.alibaba.nacos.client.auth.impl.NacosClientAuthServiceImpl success.
2026-04-03T01:42:24.922+08:00  INFO 84932 --- [knowledge-base] [main] c.a.n.p.a.s.c.ClientAuthPluginManager    : [ClientAuthPluginManager] Load ClientAuthService com.alibaba.nacos.client.auth.ram.RamClientAuthServiceImpl success.
2026-04-03T01:42:24.926+08:00  WARN 84932 --- [knowledge-base] [main] trationDelegate$BeanPostProcessorChecker : Bean 'nacosConfigManager' of type [com.alibaba.cloud.nacos.NacosConfigManager] is not eligible for getting processed by all BeanPostProcessors (for example: not eligible for auto-proxying). Is this bean getting eagerly injected into a currently created BeanPostProcessor [nacosAnnotationProcessor]? Check the corresponding BeanPostProcessor declaration and its dependencies.
2026-04-03T01:42:25.685+08:00  INFO 84932 --- [knowledge-base] [main] o.s.b.w.embedded.tomcat.TomcatWebServer  : Tomcat initialized with port 9902 (http)
2026-04-03T01:42:25.728+08:00  INFO 84932 --- [knowledge-base] [main] o.apache.catalina.core.StandardService   : Starting service [Tomcat]
2026-04-03T01:42:25.729+08:00  INFO 84932 --- [knowledge-base] [main] o.apache.catalina.core.StandardEngine    : Starting Servlet engine: [Apache Tomcat/10.1.17]
2026-04-03T01:42:26.333+08:00  INFO 84932 --- [knowledge-base] [main] o.a.c.c.C.[Tomcat].[localhost].[/]       : Initializing Spring embedded WebApplicationContext
2026-04-03T01:42:26.339+08:00  INFO 84932 --- [knowledge-base] [main] w.s.c.ServletWebServerApplicationContext : Root WebApplicationContext: initialization completed in 7824 ms
2026-04-03T01:42:28.999+08:00  WARN 84932 --- [knowledge-base] [main] i.g.q.k.i.config.RedisVectorConfig       : Redis 未就绪或未安装 RedisStack 搜索模块，使用 NoOpVectorStore 以避免启动失败

redis.clients.jedis.exceptions.JedisConnectionException: Failed to connect to localhost:6379.
	at redis.clients.jedis.DefaultJedisSocketFactory.connectToFirstSuccessfulHost(DefaultJedisSocketFactory.java:63) ~[jedis-5.2.0.jar:na]
	at redis.clients.jedis.DefaultJedisSocketFactory.createSocket(DefaultJedisSocketFactory.java:89) ~[jedis-5.2.0.jar:na]
	at redis.clients.jedis.Connection.connect(Connection.java:227) ~[jedis-5.2.0.jar:na]
	at redis.clients.jedis.Connection.initializeFromClientConfig(Connection.java:450) ~[jedis-5.2.0.jar:na]
	at redis.clients.jedis.Connection.<init>(Connection.java:72) ~[jedis-5.2.0.jar:na]
	at redis.clients.jedis.ConnectionFactory.makeObject(ConnectionFactory.java:67) ~[jedis-5.2.0.jar:na]
	at org.apache.commons.pool2.impl.GenericObjectPool.create(GenericObjectPool.java:566) ~[commons-pool2-2.12.0.jar:2.12.0]
	at org.apache.commons.pool2.impl.GenericObjectPool.borrowObject(GenericObjectPool.java:306) ~[commons-pool2-2.12.0.jar:2.12.0]
	at org.apache.commons.pool2.impl.GenericObjectPool.borrowObject(GenericObjectPool.java:233) ~[commons-pool2-2.12.0.jar:2.12.0]
	at redis.clients.jedis.util.Pool.getResource(Pool.java:38) ~[jedis-5.2.0.jar:na]
	at redis.clients.jedis.ConnectionPool.getResource(ConnectionPool.java:42) ~[jedis-5.2.0.jar:na]
	at redis.clients.jedis.ConnectionPool.getResource(ConnectionPool.java:9) ~[jedis-5.2.0.jar:na]
	at redis.clients.jedis.providers.PooledConnectionProvider.getConnection(PooledConnectionProvider.java:83) ~[jedis-5.2.0.jar:na]
	at redis.clients.jedis.executors.DefaultCommandExecutor.executeCommand(DefaultCommandExecutor.java:23) ~[jedis-5.2.0.jar:na]
	at redis.clients.jedis.executors.CommandExecutor.broadcastCommand(CommandExecutor.java:10) ~[jedis-5.2.0.jar:na]
	at redis.clients.jedis.UnifiedJedis.broadcastCommand(UnifiedJedis.java:312) ~[jedis-5.2.0.jar:na]
	at redis.clients.jedis.UnifiedJedis.checkAndBroadcastCommand(UnifiedJedis.java:325) ~[jedis-5.2.0.jar:na]
	at redis.clients.jedis.UnifiedJedis.ping(UnifiedJedis.java:338) ~[jedis-5.2.0.jar:na]
	at io.github.qifan777.knowledge.infrastructure.config.RedisVectorConfig.vectorStore(RedisVectorConfig.java:51) ~[classes/:na]
	at io.github.qifan777.knowledge.infrastructure.config.RedisVectorConfig$$SpringCGLIB$$0.CGLIB$vectorStore$0(<generated>) ~[classes/:na]
	at io.github.qifan777.knowledge.infrastructure.config.RedisVectorConfig$$SpringCGLIB$$FastClass$$1.invoke(<generated>) ~[classes/:na]
	at org.springframework.cglib.proxy.MethodProxy.invokeSuper(MethodProxy.java:258) ~[spring-core-6.1.2.jar:6.1.2]
	at org.springframework.context.annotation.ConfigurationClassEnhancer$BeanMethodInterceptor.intercept(ConfigurationClassEnhancer.java:331) ~[spring-context-6.1.2.jar:6.1.2]
	at io.github.qifan777.knowledge.infrastructure.config.RedisVectorConfig$$SpringCGLIB$$0.vectorStore(<generated>) ~[classes/:na]
	at java.base/jdk.internal.reflect.NativeMethodAccessorImpl.invoke0(Native Method) ~[na:na]
	at java.base/jdk.internal.reflect.NativeMethodAccessorImpl.invoke(NativeMethodAccessorImpl.java:77) ~[na:na]
	at java.base/jdk.internal.reflect.DelegatingMethodAccessorImpl.invoke(DelegatingMethodAccessorImpl.java:43) ~[na:na]
	at java.base/java.lang.reflect.Method.invoke(Method.java:568) ~[na:na]
	at org.springframework.beans.factory.support.SimpleInstantiationStrategy.instantiate(SimpleInstantiationStrategy.java:140) ~[spring-beans-6.1.2.jar:6.1.2]
	at org.springframework.beans.factory.support.ConstructorResolver.instantiate(ConstructorResolver.java:651) ~[spring-beans-6.1.2.jar:6.1.2]
	at org.springframework.beans.factory.support.ConstructorResolver.instantiateUsingFactoryMethod(ConstructorResolver.java:643) ~[spring-beans-6.1.2.jar:6.1.2]
	at org.springframework.beans.factory.support.AbstractAutowireCapableBeanFactory.instantiateUsingFactoryMethod(AbstractAutowireCapableBeanFactory.java:1334) ~[spring-beans-6.1.2.jar:6.1.2]
	at org.springframework.beans.factory.support.AbstractAutowireCapableBeanFactory.createBeanInstance(AbstractAutowireCapableBeanFactory.java:1164) ~[spring-beans-6.1.2.jar:6.1.2]
	at org.springframework.beans.factory.support.AbstractAutowireCapableBeanFactory.doCreateBean(AbstractAutowireCapableBeanFactory.java:561) ~[spring-beans-6.1.2.jar:6.1.2]
	at org.springframework.beans.factory.support.AbstractAutowireCapableBeanFactory.createBean(AbstractAutowireCapableBeanFactory.java:521) ~[spring-beans-6.1.2.jar:6.1.2]
	at org.springframework.beans.factory.support.AbstractBeanFactory.lambda$doGetBean$0(AbstractBeanFactory.java:325) ~[spring-beans-6.1.2.jar:6.1.2]
	at org.springframework.beans.factory.support.DefaultSingletonBeanRegistry.getSingleton(DefaultSingletonBeanRegistry.java:234) ~[spring-beans-6.1.2.jar:6.1.2]
	at org.springframework.beans.factory.support.AbstractBeanFactory.doGetBean(AbstractBeanFactory.java:323) ~[spring-beans-6.1.2.jar:6.1.2]
	at org.springframework.beans.factory.support.AbstractBeanFactory.getBean(AbstractBeanFactory.java:199) ~[spring-beans-6.1.2.jar:6.1.2]
	at org.springframework.beans.factory.config.DependencyDescriptor.resolveCandidate(DependencyDescriptor.java:254) ~[spring-beans-6.1.2.jar:6.1.2]
	at org.springframework.beans.factory.support.DefaultListableBeanFactory.doResolveDependency(DefaultListableBeanFactory.java:1443) ~[spring-beans-6.1.2.jar:6.1.2]
	at org.springframework.beans.factory.support.DefaultListableBeanFactory.resolveDependency(DefaultListableBeanFactory.java:1353) ~[spring-beans-6.1.2.jar:6.1.2]
	at org.springframework.beans.factory.support.ConstructorResolver.resolveAutowiredArgument(ConstructorResolver.java:911) ~[spring-beans-6.1.2.jar:6.1.2]
	at org.springframework.beans.factory.support.ConstructorResolver.createArgumentArray(ConstructorResolver.java:789) ~[spring-beans-6.1.2.jar:6.1.2]
	at org.springframework.beans.factory.support.ConstructorResolver.autowireConstructor(ConstructorResolver.java:241) ~[spring-beans-6.1.2.jar:6.1.2]
	at org.springframework.beans.factory.support.AbstractAutowireCapableBeanFactory.autowireConstructor(AbstractAutowireCapableBeanFactory.java:1354) ~[spring-beans-6.1.2.jar:6.1.2]
	at org.springframework.beans.factory.support.AbstractAutowireCapableBeanFactory.createBeanInstance(AbstractAutowireCapableBeanFactory.java:1191) ~[spring-beans-6.1.2.jar:6.1.2]
	at org.springframework.beans.factory.support.AbstractAutowireCapableBeanFactory.doCreateBean(AbstractAutowireCapableBeanFactory.java:561) ~[spring-beans-6.1.2.jar:6.1.2]
	at org.springframework.beans.factory.support.AbstractAutowireCapableBeanFactory.createBean(AbstractAutowireCapableBeanFactory.java:521) ~[spring-beans-6.1.2.jar:6.1.2]
	at org.springframework.beans.factory.support.AbstractBeanFactory.lambda$doGetBean$0(AbstractBeanFactory.java:325) ~[spring-beans-6.1.2.jar:6.1.2]
	at org.springframework.beans.factory.support.DefaultSingletonBeanRegistry.getSingleton(DefaultSingletonBeanRegistry.java:234) ~[spring-beans-6.1.2.jar:6.1.2]
	at org.springframework.beans.factory.support.AbstractBeanFactory.doGetBean(AbstractBeanFactory.java:323) ~[spring-beans-6.1.2.jar:6.1.2]
	at org.springframework.beans.factory.support.AbstractBeanFactory.getBean(AbstractBeanFactory.java:199) ~[spring-beans-6.1.2.jar:6.1.2]
	at org.springframework.beans.factory.support.DefaultListableBeanFactory.preInstantiateSingletons(DefaultListableBeanFactory.java:975) ~[spring-beans-6.1.2.jar:6.1.2]
	at org.springframework.context.support.AbstractApplicationContext.finishBeanFactoryInitialization(AbstractApplicationContext.java:960) ~[spring-context-6.1.2.jar:6.1.2]
	at org.springframework.context.support.AbstractApplicationContext.refresh(AbstractApplicationContext.java:625) ~[spring-context-6.1.2.jar:6.1.2]
	at org.springframework.boot.web.servlet.context.ServletWebServerApplicationContext.refresh(ServletWebServerApplicationContext.java:146) ~[spring-boot-3.2.1.jar:3.2.1]
	at org.springframework.boot.SpringApplication.refresh(SpringApplication.java:762) ~[spring-boot-3.2.1.jar:3.2.1]
	at org.springframework.boot.SpringApplication.refreshContext(SpringApplication.java:464) ~[spring-boot-3.2.1.jar:3.2.1]
	at org.springframework.boot.SpringApplication.run(SpringApplication.java:334) ~[spring-boot-3.2.1.jar:3.2.1]
	at org.springframework.boot.SpringApplication.run(SpringApplication.java:1358) ~[spring-boot-3.2.1.jar:3.2.1]
	at org.springframework.boot.SpringApplication.run(SpringApplication.java:1347) ~[spring-boot-3.2.1.jar:3.2.1]
	at io.github.qifan777.knowledge.ServerApplication.main(ServerApplication.java:11) ~[classes/:na]
	Suppressed: java.net.ConnectException: Connection refused: no further information
		at java.base/sun.nio.ch.Net.pollConnect(Native Method) ~[na:na]
		at java.base/sun.nio.ch.Net.pollConnectNow(Net.java:672) ~[na:na]
		at java.base/sun.nio.ch.NioSocketImpl.timedFinishConnect(NioSocketImpl.java:547) ~[na:na]
		at java.base/sun.nio.ch.NioSocketImpl.connect(NioSocketImpl.java:602) ~[na:na]
		at java.base/java.net.SocksSocketImpl.connect(SocksSocketImpl.java:327) ~[na:na]
		at java.base/java.net.Socket.connect(Socket.java:633) ~[na:na]
		at redis.clients.jedis.DefaultJedisSocketFactory.connectToFirstSuccessfulHost(DefaultJedisSocketFactory.java:75) ~[jedis-5.2.0.jar:na]
		... 62 common frames omitted
	Suppressed: java.net.ConnectException: Connection refused: no further information
		at java.base/sun.nio.ch.Net.pollConnect(Native Method) ~[na:na]
		at java.base/sun.nio.ch.Net.pollConnectNow(Net.java:672) ~[na:na]
		at java.base/sun.nio.ch.NioSocketImpl.timedFinishConnect(NioSocketImpl.java:547) ~[na:na]
		at java.base/sun.nio.ch.NioSocketImpl.connect(NioSocketImpl.java:602) ~[na:na]
		at java.base/java.net.SocksSocketImpl.connect(SocksSocketImpl.java:327) ~[na:na]
		at java.base/java.net.Socket.connect(Socket.java:633) ~[na:na]
		at redis.clients.jedis.DefaultJedisSocketFactory.connectToFirstSuccessfulHost(DefaultJedisSocketFactory.java:75) ~[jedis-5.2.0.jar:na]
		... 62 common frames omitted

2026-04-03T01:42:29.039+08:00  WARN 84932 --- [knowledge-base] [main] ConfigServletWebServerApplicationContext : Exception encountered during context initialization - cancelling refresh attempt: org.springframework.beans.factory.UnsatisfiedDependencyException: Error creating bean with name 'documentController' defined in file [E:\桌面文件\2024Winter\Agent4U\dive-into-spring-ai\target\classes\io\github\qifan777\knowledge\ai\document\DocumentController.class]: Unsatisfied dependency expressed through constructor parameter 1: No qualifying bean of type 'java.lang.String' available: expected at least 1 bean which qualifies as autowire candidate. Dependency annotations: {}
2026-04-03T01:42:29.050+08:00  INFO 84932 --- [knowledge-base] [main] o.apache.catalina.core.StandardService   : Stopping service [Tomcat]
2026-04-03T01:42:29.102+08:00  INFO 84932 --- [knowledge-base] [main] .s.b.a.l.ConditionEvaluationReportLogger : 

Error starting ApplicationContext. To display the condition evaluation report re-run your application with 'debug' enabled.
2026-04-03T01:42:29.147+08:00 ERROR 84932 --- [knowledge-base] [main] o.s.b.d.LoggingFailureAnalysisReporter   : 

***************************
APPLICATION FAILED TO START
***************************

Description:

Parameter 1 of constructor in io.github.qifan777.knowledge.ai.document.DocumentController required a bean of type 'java.lang.String' that could not be found.


Action:

Consider defining a bean of type 'java.lang.String' in your configuration.

2026-04-03T01:44:50.316+08:00  WARN 84932 --- [knowledge-base] [Thread-1] c.a.n.common.executor.ThreadPoolManager  : [ThreadPoolManager] Start destroying ThreadPool
2026-04-03T01:44:50.320+08:00  WARN 84932 --- [knowledge-base] [Thread-15] c.a.n.common.http.HttpClientBeanHolder   : [HttpClientBeanHolder] Start destroying common HttpClient
2026-04-03T01:56:38.578+08:00  INFO 27796 --- [knowledge-base] [main] c.a.nacos.client.logging.NacosLogging    : Nacos Logging Adapter Builder: com.alibaba.nacos.logger.adapter.logback12.LogbackNacosLoggingAdapterBuilder
2026-04-03T01:56:38.620+08:00  INFO 27796 --- [knowledge-base] [main] c.a.nacos.client.logging.NacosLogging    : Nacos Logging Adapter Builder: com.alibaba.nacos.logger.adapter.logback14.LogbackNacosLoggingAdapterBuilder
2026-04-03T01:56:38.625+08:00  INFO 27796 --- [knowledge-base] [main] c.a.nacos.client.logging.NacosLogging    : Nacos Logging Adapter: com.alibaba.nacos.logger.adapter.logback14.LogbackNacosLoggingAdapter match ch.qos.logback.classic.Logger success.
2026-04-03T01:56:38.679+08:00  INFO 27796 --- [knowledge-base] [main] c.a.nacos.client.logging.NacosLogging    : Nacos Logging Adapter Builder: com.alibaba.nacos.logger.adapter.log4j2.Log4j2NacosLoggingAdapterBuilder
2026-04-03T01:56:39.398+08:00  INFO 27796 --- [knowledge-base] [main] i.g.q.knowledge.ServerApplication        : Starting ServerApplication using Java 17.0.11 with PID 27796 (E:\桌面文件\2024Winter\Agent4U\dive-into-spring-ai\target\classes started by DELL in E:\桌面文件\2024Winter\Agent4U\dive-into-spring-ai)
2026-04-03T01:56:39.401+08:00 DEBUG 27796 --- [knowledge-base] [main] i.g.q.knowledge.ServerApplication        : Running with Spring Boot v3.2.1, Spring v6.1.2
2026-04-03T01:56:39.404+08:00  INFO 27796 --- [knowledge-base] [main] i.g.q.knowledge.ServerApplication        : The following 2 profiles are active: "dev", "private"
2026-04-03T01:56:42.022+08:00  INFO 27796 --- [knowledge-base] [main] .s.d.r.c.RepositoryConfigurationDelegate : Multiple Spring Data modules found, entering strict repository configuration mode
2026-04-03T01:56:42.025+08:00  INFO 27796 --- [knowledge-base] [main] .s.d.r.c.RepositoryConfigurationDelegate : Bootstrapping Spring Data Jimmer repositories in DEFAULT mode.
2026-04-03T01:56:42.385+08:00  INFO 27796 --- [knowledge-base] [main] .s.d.r.c.RepositoryConfigurationDelegate : Finished Spring Data repository scanning in 350 ms. Found 3 Jimmer repository interfaces.
2026-04-03T01:56:42.923+08:00  INFO 27796 --- [knowledge-base] [main] .s.d.r.c.RepositoryConfigurationDelegate : Multiple Spring Data modules found, entering strict repository configuration mode
2026-04-03T01:56:42.928+08:00  INFO 27796 --- [knowledge-base] [main] .s.d.r.c.RepositoryConfigurationDelegate : Bootstrapping Spring Data Neo4j repositories in DEFAULT mode.
2026-04-03T01:56:42.954+08:00  INFO 27796 --- [knowledge-base] [main] .RepositoryConfigurationExtensionSupport : Spring Data Neo4j - Could not safely identify store assignment for repository candidate interface io.github.qifan777.knowledge.ai.aiMessage.AiMessageRepository; If you want this repository to be a Neo4j repository, consider annotating your entities with one of these annotations: org.springframework.data.neo4j.core.schema.Node, org.springframework.data.neo4j.core.schema.RelationshipProperties (preferred), or consider extending one of the following types with your repository: org.springframework.data.neo4j.repository.ReactiveNeo4jRepository
2026-04-03T01:56:42.956+08:00  INFO 27796 --- [knowledge-base] [main] .RepositoryConfigurationExtensionSupport : Spring Data Neo4j - Could not safely identify store assignment for repository candidate interface io.github.qifan777.knowledge.ai.session.AiSessionRepository; If you want this repository to be a Neo4j repository, consider annotating your entities with one of these annotations: org.springframework.data.neo4j.core.schema.Node, org.springframework.data.neo4j.core.schema.RelationshipProperties (preferred), or consider extending one of the following types with your repository: org.springframework.data.neo4j.repository.ReactiveNeo4jRepository
2026-04-03T01:56:42.956+08:00  INFO 27796 --- [knowledge-base] [main] .RepositoryConfigurationExtensionSupport : Spring Data Neo4j - Could not safely identify store assignment for repository candidate interface io.github.qifan777.knowledge.user.UserRepository; If you want this repository to be a Neo4j repository, consider annotating your entities with one of these annotations: org.springframework.data.neo4j.core.schema.Node, org.springframework.data.neo4j.core.schema.RelationshipProperties (preferred), or consider extending one of the following types with your repository: org.springframework.data.neo4j.repository.ReactiveNeo4jRepository
2026-04-03T01:56:42.958+08:00  INFO 27796 --- [knowledge-base] [main] .s.d.r.c.RepositoryConfigurationDelegate : Finished Spring Data repository scanning in 26 ms. Found 0 Neo4j repository interfaces.
2026-04-03T01:56:42.971+08:00  INFO 27796 --- [knowledge-base] [main] .s.d.r.c.RepositoryConfigurationDelegate : Multiple Spring Data modules found, entering strict repository configuration mode
2026-04-03T01:56:42.974+08:00  INFO 27796 --- [knowledge-base] [main] .s.d.r.c.RepositoryConfigurationDelegate : Bootstrapping Spring Data Neo4j repositories in DEFAULT mode.
2026-04-03T01:56:42.985+08:00  INFO 27796 --- [knowledge-base] [main] .RepositoryConfigurationExtensionSupport : Spring Data Neo4j - Could not safely identify store assignment for repository candidate interface io.github.qifan777.knowledge.ai.aiMessage.AiMessageRepository; If you want this repository to be a Neo4j repository, consider annotating your entities with one of these annotations: org.springframework.data.neo4j.core.schema.Node, org.springframework.data.neo4j.core.schema.RelationshipProperties (preferred), or consider extending one of the following types with your repository: org.springframework.data.neo4j.repository.Neo4jRepository
2026-04-03T01:56:42.985+08:00  INFO 27796 --- [knowledge-base] [main] .RepositoryConfigurationExtensionSupport : Spring Data Neo4j - Could not safely identify store assignment for repository candidate interface io.github.qifan777.knowledge.ai.session.AiSessionRepository; If you want this repository to be a Neo4j repository, consider annotating your entities with one of these annotations: org.springframework.data.neo4j.core.schema.Node, org.springframework.data.neo4j.core.schema.RelationshipProperties (preferred), or consider extending one of the following types with your repository: org.springframework.data.neo4j.repository.Neo4jRepository
2026-04-03T01:56:42.989+08:00  INFO 27796 --- [knowledge-base] [main] .RepositoryConfigurationExtensionSupport : Spring Data Neo4j - Could not safely identify store assignment for repository candidate interface io.github.qifan777.knowledge.user.UserRepository; If you want this repository to be a Neo4j repository, consider annotating your entities with one of these annotations: org.springframework.data.neo4j.core.schema.Node, org.springframework.data.neo4j.core.schema.RelationshipProperties (preferred), or consider extending one of the following types with your repository: org.springframework.data.neo4j.repository.Neo4jRepository
2026-04-03T01:56:42.991+08:00  INFO 27796 --- [knowledge-base] [main] .s.d.r.c.RepositoryConfigurationDelegate : Finished Spring Data repository scanning in 15 ms. Found 0 Neo4j repository interfaces.
2026-04-03T01:56:43.662+08:00  WARN 27796 --- [knowledge-base] [main] trationDelegate$BeanPostProcessorChecker : Bean 'com.alibaba.cloud.nacos.NacosConfigAutoConfiguration' of type [com.alibaba.cloud.nacos.NacosConfigAutoConfiguration] is not eligible for getting processed by all BeanPostProcessors (for example: not eligible for auto-proxying). The currently created BeanPostProcessor [nacosAnnotationProcessor] is declared through a non-static factory method on that class; consider declaring it as static instead.
2026-04-03T01:56:43.691+08:00  WARN 27796 --- [knowledge-base] [main] trationDelegate$BeanPostProcessorChecker : Bean 'nacosConfigProperties' of type [com.alibaba.cloud.nacos.NacosConfigProperties] is not eligible for getting processed by all BeanPostProcessors (for example: not eligible for auto-proxying). Is this bean getting eagerly injected into a currently created BeanPostProcessor [nacosAnnotationProcessor]? Check the corresponding BeanPostProcessor declaration and its dependencies.
2026-04-03T01:56:44.133+08:00  INFO 27796 --- [knowledge-base] [main] c.a.n.p.a.s.c.ClientAuthPluginManager    : [ClientAuthPluginManager] Load ClientAuthService com.alibaba.nacos.client.auth.impl.NacosClientAuthServiceImpl success.
2026-04-03T01:56:44.134+08:00  INFO 27796 --- [knowledge-base] [main] c.a.n.p.a.s.c.ClientAuthPluginManager    : [ClientAuthPluginManager] Load ClientAuthService com.alibaba.nacos.client.auth.ram.RamClientAuthServiceImpl success.
2026-04-03T01:56:44.141+08:00  WARN 27796 --- [knowledge-base] [main] trationDelegate$BeanPostProcessorChecker : Bean 'nacosConfigManager' of type [com.alibaba.cloud.nacos.NacosConfigManager] is not eligible for getting processed by all BeanPostProcessors (for example: not eligible for auto-proxying). Is this bean getting eagerly injected into a currently created BeanPostProcessor [nacosAnnotationProcessor]? Check the corresponding BeanPostProcessor declaration and its dependencies.
2026-04-03T01:56:44.943+08:00  INFO 27796 --- [knowledge-base] [main] o.s.b.w.embedded.tomcat.TomcatWebServer  : Tomcat initialized with port 9902 (http)
2026-04-03T01:56:44.980+08:00  INFO 27796 --- [knowledge-base] [main] o.apache.catalina.core.StandardService   : Starting service [Tomcat]
2026-04-03T01:56:44.984+08:00  INFO 27796 --- [knowledge-base] [main] o.apache.catalina.core.StandardEngine    : Starting Servlet engine: [Apache Tomcat/10.1.17]
2026-04-03T01:56:45.277+08:00  INFO 27796 --- [knowledge-base] [main] o.a.c.c.C.[Tomcat].[localhost].[/]       : Initializing Spring embedded WebApplicationContext
2026-04-03T01:56:45.279+08:00  INFO 27796 --- [knowledge-base] [main] w.s.c.ServletWebServerApplicationContext : Root WebApplicationContext: initialization completed in 5747 ms
2026-04-03T01:56:47.408+08:00  WARN 27796 --- [knowledge-base] [main] i.g.q.k.i.config.RedisVectorConfig       : Redis 未就绪或未安装 RedisStack 搜索模块，使用 NoOpVectorStore 以避免启动失败

redis.clients.jedis.exceptions.JedisDataException: ERR unknown command 'FT._LIST'
	at redis.clients.jedis.Protocol.processError(Protocol.java:110) ~[jedis-5.2.0.jar:na]
	at redis.clients.jedis.Protocol.process(Protocol.java:158) ~[jedis-5.2.0.jar:na]
	at redis.clients.jedis.Protocol.read(Protocol.java:221) ~[jedis-5.2.0.jar:na]
	at redis.clients.jedis.Connection.protocolRead(Connection.java:379) ~[jedis-5.2.0.jar:na]
	at redis.clients.jedis.Connection.readProtocolWithCheckingBroken(Connection.java:392) ~[jedis-5.2.0.jar:na]
	at redis.clients.jedis.Connection.getOne(Connection.java:365) ~[jedis-5.2.0.jar:na]
	at redis.clients.jedis.Connection.executeCommand(Connection.java:170) ~[jedis-5.2.0.jar:na]
	at redis.clients.jedis.executors.DefaultCommandExecutor.executeCommand(DefaultCommandExecutor.java:24) ~[jedis-5.2.0.jar:na]
	at redis.clients.jedis.UnifiedJedis.executeCommand(UnifiedJedis.java:308) ~[jedis-5.2.0.jar:na]
	at redis.clients.jedis.UnifiedJedis.ftList(UnifiedJedis.java:4119) ~[jedis-5.2.0.jar:na]
	at org.springframework.ai.vectorstore.RedisVectorStore.afterPropertiesSet(RedisVectorStore.java:428) ~[spring-ai-redis-store-1.0.0-M3.jar:1.0.0-M3]
	at io.github.qifan777.knowledge.infrastructure.config.RedisVectorConfig.vectorStore(RedisVectorConfig.java:53) ~[classes/:na]
	at io.github.qifan777.knowledge.infrastructure.config.RedisVectorConfig$$SpringCGLIB$$0.CGLIB$vectorStore$0(<generated>) ~[classes/:na]
	at io.github.qifan777.knowledge.infrastructure.config.RedisVectorConfig$$SpringCGLIB$$FastClass$$1.invoke(<generated>) ~[classes/:na]
	at org.springframework.cglib.proxy.MethodProxy.invokeSuper(MethodProxy.java:258) ~[spring-core-6.1.2.jar:6.1.2]
	at org.springframework.context.annotation.ConfigurationClassEnhancer$BeanMethodInterceptor.intercept(ConfigurationClassEnhancer.java:331) ~[spring-context-6.1.2.jar:6.1.2]
	at io.github.qifan777.knowledge.infrastructure.config.RedisVectorConfig$$SpringCGLIB$$0.vectorStore(<generated>) ~[classes/:na]
	at java.base/jdk.internal.reflect.NativeMethodAccessorImpl.invoke0(Native Method) ~[na:na]
	at java.base/jdk.internal.reflect.NativeMethodAccessorImpl.invoke(NativeMethodAccessorImpl.java:77) ~[na:na]
	at java.base/jdk.internal.reflect.DelegatingMethodAccessorImpl.invoke(DelegatingMethodAccessorImpl.java:43) ~[na:na]
	at java.base/java.lang.reflect.Method.invoke(Method.java:568) ~[na:na]
	at org.springframework.beans.factory.support.SimpleInstantiationStrategy.instantiate(SimpleInstantiationStrategy.java:140) ~[spring-beans-6.1.2.jar:6.1.2]
	at org.springframework.beans.factory.support.ConstructorResolver.instantiate(ConstructorResolver.java:651) ~[spring-beans-6.1.2.jar:6.1.2]
	at org.springframework.beans.factory.support.ConstructorResolver.instantiateUsingFactoryMethod(ConstructorResolver.java:643) ~[spring-beans-6.1.2.jar:6.1.2]
	at org.springframework.beans.factory.support.AbstractAutowireCapableBeanFactory.instantiateUsingFactoryMethod(AbstractAutowireCapableBeanFactory.java:1334) ~[spring-beans-6.1.2.jar:6.1.2]
	at org.springframework.beans.factory.support.AbstractAutowireCapableBeanFactory.createBeanInstance(AbstractAutowireCapableBeanFactory.java:1164) ~[spring-beans-6.1.2.jar:6.1.2]
	at org.springframework.beans.factory.support.AbstractAutowireCapableBeanFactory.doCreateBean(AbstractAutowireCapableBeanFactory.java:561) ~[spring-beans-6.1.2.jar:6.1.2]
	at org.springframework.beans.factory.support.AbstractAutowireCapableBeanFactory.createBean(AbstractAutowireCapableBeanFactory.java:521) ~[spring-beans-6.1.2.jar:6.1.2]
	at org.springframework.beans.factory.support.AbstractBeanFactory.lambda$doGetBean$0(AbstractBeanFactory.java:325) ~[spring-beans-6.1.2.jar:6.1.2]
	at org.springframework.beans.factory.support.DefaultSingletonBeanRegistry.getSingleton(DefaultSingletonBeanRegistry.java:234) ~[spring-beans-6.1.2.jar:6.1.2]
	at org.springframework.beans.factory.support.AbstractBeanFactory.doGetBean(AbstractBeanFactory.java:323) ~[spring-beans-6.1.2.jar:6.1.2]
	at org.springframework.beans.factory.support.AbstractBeanFactory.getBean(AbstractBeanFactory.java:199) ~[spring-beans-6.1.2.jar:6.1.2]
	at org.springframework.beans.factory.config.DependencyDescriptor.resolveCandidate(DependencyDescriptor.java:254) ~[spring-beans-6.1.2.jar:6.1.2]
	at org.springframework.beans.factory.support.DefaultListableBeanFactory.doResolveDependency(DefaultListableBeanFactory.java:1443) ~[spring-beans-6.1.2.jar:6.1.2]
	at org.springframework.beans.factory.support.DefaultListableBeanFactory.resolveDependency(DefaultListableBeanFactory.java:1353) ~[spring-beans-6.1.2.jar:6.1.2]
	at org.springframework.beans.factory.support.ConstructorResolver.resolveAutowiredArgument(ConstructorResolver.java:911) ~[spring-beans-6.1.2.jar:6.1.2]
	at org.springframework.beans.factory.support.ConstructorResolver.createArgumentArray(ConstructorResolver.java:789) ~[spring-beans-6.1.2.jar:6.1.2]
	at org.springframework.beans.factory.support.ConstructorResolver.autowireConstructor(ConstructorResolver.java:241) ~[spring-beans-6.1.2.jar:6.1.2]
	at org.springframework.beans.factory.support.AbstractAutowireCapableBeanFactory.autowireConstructor(AbstractAutowireCapableBeanFactory.java:1354) ~[spring-beans-6.1.2.jar:6.1.2]
	at org.springframework.beans.factory.support.AbstractAutowireCapableBeanFactory.createBeanInstance(AbstractAutowireCapableBeanFactory.java:1191) ~[spring-beans-6.1.2.jar:6.1.2]
	at org.springframework.beans.factory.support.AbstractAutowireCapableBeanFactory.doCreateBean(AbstractAutowireCapableBeanFactory.java:561) ~[spring-beans-6.1.2.jar:6.1.2]
	at org.springframework.beans.factory.support.AbstractAutowireCapableBeanFactory.createBean(AbstractAutowireCapableBeanFactory.java:521) ~[spring-beans-6.1.2.jar:6.1.2]
	at org.springframework.beans.factory.support.AbstractBeanFactory.lambda$doGetBean$0(AbstractBeanFactory.java:325) ~[spring-beans-6.1.2.jar:6.1.2]
	at org.springframework.beans.factory.support.DefaultSingletonBeanRegistry.getSingleton(DefaultSingletonBeanRegistry.java:234) ~[spring-beans-6.1.2.jar:6.1.2]
	at org.springframework.beans.factory.support.AbstractBeanFactory.doGetBean(AbstractBeanFactory.java:323) ~[spring-beans-6.1.2.jar:6.1.2]
	at org.springframework.beans.factory.support.AbstractBeanFactory.getBean(AbstractBeanFactory.java:199) ~[spring-beans-6.1.2.jar:6.1.2]
	at org.springframework.beans.factory.support.DefaultListableBeanFactory.preInstantiateSingletons(DefaultListableBeanFactory.java:975) ~[spring-beans-6.1.2.jar:6.1.2]
	at org.springframework.context.support.AbstractApplicationContext.finishBeanFactoryInitialization(AbstractApplicationContext.java:960) ~[spring-context-6.1.2.jar:6.1.2]
	at org.springframework.context.support.AbstractApplicationContext.refresh(AbstractApplicationContext.java:625) ~[spring-context-6.1.2.jar:6.1.2]
	at org.springframework.boot.web.servlet.context.ServletWebServerApplicationContext.refresh(ServletWebServerApplicationContext.java:146) ~[spring-boot-3.2.1.jar:3.2.1]
	at org.springframework.boot.SpringApplication.refresh(SpringApplication.java:762) ~[spring-boot-3.2.1.jar:3.2.1]
	at org.springframework.boot.SpringApplication.refreshContext(SpringApplication.java:464) ~[spring-boot-3.2.1.jar:3.2.1]
	at org.springframework.boot.SpringApplication.run(SpringApplication.java:334) ~[spring-boot-3.2.1.jar:3.2.1]
	at org.springframework.boot.SpringApplication.run(SpringApplication.java:1358) ~[spring-boot-3.2.1.jar:3.2.1]
	at org.springframework.boot.SpringApplication.run(SpringApplication.java:1347) ~[spring-boot-3.2.1.jar:3.2.1]
	at io.github.qifan777.knowledge.ServerApplication.main(ServerApplication.java:11) ~[classes/:na]

2026-04-03T01:56:52.320+08:00  INFO 27796 --- [knowledge-base] [main] c.a.c.n.a.NacosAnnotationProcessor       : [Nacos Config] Listening config for annotation: dataId=spring.ai.alibaba.configurable.prompt, group=DEFAULT_GROUP
2026-04-03T01:56:52.371+08:00  INFO 27796 --- [knowledge-base] [main] c.a.c.n.a.NacosAnnotationProcessor       : [Nacos Config] register configurablePromptTemplateFactory#method#onConfigChange(List) listener on com.alibaba.cloud.ai.prompt.ConfigurablePromptTemplateFactory@680d0a69 
2026-04-03T01:56:52.673+08:00  INFO 27796 --- [knowledge-base] [main] o.neo4j.driver.internal.DriverFactory    : Direct driver instance 1974451842 created for server address localhost:7687
2026-04-03T01:56:53.158+08:00  INFO 27796 --- [knowledge-base] [main] o.s.b.a.e.web.EndpointLinksResolver      : Exposing 1 endpoint(s) beneath base path '/actuator'
2026-04-03T01:56:53.292+08:00  INFO 27796 --- [knowledge-base] [main] o.s.b.w.embedded.tomcat.TomcatWebServer  : Tomcat started on port 9902 (http) with context path ''
2026-04-03T01:56:53.328+08:00  INFO 27796 --- [knowledge-base] [main] i.g.q.knowledge.ServerApplication        : Started ServerApplication in 16.157 seconds (process running for 17.653)
2026-04-03T01:58:04.322+08:00  INFO 27796 --- [knowledge-base] [http-nio-9902-exec-1] o.a.c.c.C.[Tomcat].[localhost].[/]       : Initializing Spring DispatcherServlet 'dispatcherServlet'
2026-04-03T01:58:04.324+08:00  INFO 27796 --- [knowledge-base] [http-nio-9902-exec-1] o.s.web.servlet.DispatcherServlet        : Initializing Servlet 'dispatcherServlet'
2026-04-03T01:58:04.338+08:00  INFO 27796 --- [knowledge-base] [http-nio-9902-exec-1] o.s.web.servlet.DispatcherServlet        : Completed initialization in 10 ms
2026-04-03T01:58:04.846+08:00 ERROR 27796 --- [knowledge-base] [http-nio-9902-exec-1] i.g.q.k.i.config.GlobalExceptionAdvice   : 未登录

cn.dev33.satoken.exception.NotLoginException: 未能读取到有效 token
	at cn.dev33.satoken.exception.NotLoginException.newInstance(NotLoginException.java:134) ~[sa-token-core-1.37.0.jar:na]
	at cn.dev33.satoken.stp.StpLogic.getLoginId(StpLogic.java:941) ~[sa-token-core-1.37.0.jar:na]
	at cn.dev33.satoken.stp.StpLogic.getLoginIdAsString(StpLogic.java:1043) ~[sa-token-core-1.37.0.jar:na]
	at cn.dev33.satoken.stp.StpUtil.getLoginIdAsString(StpUtil.java:369) ~[sa-token-core-1.37.0.jar:na]
	at io.github.qifan777.knowledge.ai.session.AiSessionRepository.findByUser(AiSessionRepository.java:16) ~[classes/:na]
	at java.base/java.lang.invoke.MethodHandle.invokeWithArguments(MethodHandle.java:732) ~[na:na]
	at org.springframework.data.projection.DefaultMethodInvokingMethodInterceptor.invoke(DefaultMethodInvokingMethodInterceptor.java:76) ~[spring-data-commons-3.2.1.jar:3.2.1]
	at org.springframework.aop.framework.ReflectiveMethodInvocation.proceed(ReflectiveMethodInvocation.java:184) ~[spring-aop-6.1.2.jar:6.1.2]
	at org.springframework.aop.interceptor.ExposeInvocationInterceptor.invoke(ExposeInvocationInterceptor.java:97) ~[spring-aop-6.1.2.jar:6.1.2]
	at org.springframework.aop.framework.ReflectiveMethodInvocation.proceed(ReflectiveMethodInvocation.java:184) ~[spring-aop-6.1.2.jar:6.1.2]
	at org.springframework.aop.framework.JdkDynamicAopProxy.invoke(JdkDynamicAopProxy.java:249) ~[spring-aop-6.1.2.jar:6.1.2]
	at jdk.proxy2/jdk.proxy2.$Proxy129.findByUser(Unknown Source) ~[na:na]
	at io.github.qifan777.knowledge.ai.session.AiSessionController.findByUser(AiSessionController.java:44) ~[classes/:na]
	at java.base/jdk.internal.reflect.NativeMethodAccessorImpl.invoke0(Native Method) ~[na:na]
	at java.base/jdk.internal.reflect.NativeMethodAccessorImpl.invoke(NativeMethodAccessorImpl.java:77) ~[na:na]
	at java.base/jdk.internal.reflect.DelegatingMethodAccessorImpl.invoke(DelegatingMethodAccessorImpl.java:43) ~[na:na]
	at java.base/java.lang.reflect.Method.invoke(Method.java:568) ~[na:na]
	at org.springframework.web.method.support.InvocableHandlerMethod.doInvoke(InvocableHandlerMethod.java:262) ~[spring-web-6.1.2.jar:6.1.2]
	at org.springframework.web.method.support.InvocableHandlerMethod.invokeForRequest(InvocableHandlerMethod.java:190) ~[spring-web-6.1.2.jar:6.1.2]
	at org.springframework.web.servlet.mvc.method.annotation.ServletInvocableHandlerMethod.invokeAndHandle(ServletInvocableHandlerMethod.java:118) ~[spring-webmvc-6.1.2.jar:6.1.2]
	at org.springframework.web.servlet.mvc.method.annotation.RequestMappingHandlerAdapter.invokeHandlerMethod(RequestMappingHandlerAdapter.java:917) ~[spring-webmvc-6.1.2.jar:6.1.2]
	at org.springframework.web.servlet.mvc.method.annotation.RequestMappingHandlerAdapter.handleInternal(RequestMappingHandlerAdapter.java:829) ~[spring-webmvc-6.1.2.jar:6.1.2]
	at org.springframework.web.servlet.mvc.method.AbstractHandlerMethodAdapter.handle(AbstractHandlerMethodAdapter.java:87) ~[spring-webmvc-6.1.2.jar:6.1.2]
	at org.springframework.web.servlet.DispatcherServlet.doDispatch(DispatcherServlet.java:1089) ~[spring-webmvc-6.1.2.jar:6.1.2]
	at org.springframework.web.servlet.DispatcherServlet.doService(DispatcherServlet.java:979) ~[spring-webmvc-6.1.2.jar:6.1.2]
	at org.springframework.web.servlet.FrameworkServlet.processRequest(FrameworkServlet.java:1014) ~[spring-webmvc-6.1.2.jar:6.1.2]
	at org.springframework.web.servlet.FrameworkServlet.doGet(FrameworkServlet.java:903) ~[spring-webmvc-6.1.2.jar:6.1.2]
	at jakarta.servlet.http.HttpServlet.service(HttpServlet.java:564) ~[tomcat-embed-core-10.1.17.jar:6.0]
	at org.springframework.web.servlet.FrameworkServlet.service(FrameworkServlet.java:885) ~[spring-webmvc-6.1.2.jar:6.1.2]
	at jakarta.servlet.http.HttpServlet.service(HttpServlet.java:658) ~[tomcat-embed-core-10.1.17.jar:6.0]
	at org.apache.catalina.core.ApplicationFilterChain.internalDoFilter(ApplicationFilterChain.java:205) ~[tomcat-embed-core-10.1.17.jar:10.1.17]
	at org.apache.catalina.core.ApplicationFilterChain.doFilter(ApplicationFilterChain.java:149) ~[tomcat-embed-core-10.1.17.jar:10.1.17]
	at org.apache.tomcat.websocket.server.WsFilter.doFilter(WsFilter.java:51) ~[tomcat-embed-websocket-10.1.17.jar:10.1.17]
	at org.apache.catalina.core.ApplicationFilterChain.internalDoFilter(ApplicationFilterChain.java:174) ~[tomcat-embed-core-10.1.17.jar:10.1.17]
	at org.apache.catalina.core.ApplicationFilterChain.doFilter(ApplicationFilterChain.java:149) ~[tomcat-embed-core-10.1.17.jar:10.1.17]
	at org.springframework.web.filter.RequestContextFilter.doFilterInternal(RequestContextFilter.java:100) ~[spring-web-6.1.2.jar:6.1.2]
	at org.springframework.web.filter.OncePerRequestFilter.doFilter(OncePerRequestFilter.java:116) ~[spring-web-6.1.2.jar:6.1.2]
	at org.apache.catalina.core.ApplicationFilterChain.internalDoFilter(ApplicationFilterChain.java:174) ~[tomcat-embed-core-10.1.17.jar:10.1.17]
	at org.apache.catalina.core.ApplicationFilterChain.doFilter(ApplicationFilterChain.java:149) ~[tomcat-embed-core-10.1.17.jar:10.1.17]
	at cn.dev33.satoken.filter.SaPathCheckFilterForJakartaServlet.doFilter(SaPathCheckFilterForJakartaServlet.java:55) ~[sa-token-spring-boot3-starter-1.37.0.jar:na]
	at org.apache.catalina.core.ApplicationFilterChain.internalDoFilter(ApplicationFilterChain.java:174) ~[tomcat-embed-core-10.1.17.jar:10.1.17]
	at org.apache.catalina.core.ApplicationFilterChain.doFilter(ApplicationFilterChain.java:149) ~[tomcat-embed-core-10.1.17.jar:10.1.17]
	at org.springframework.web.filter.FormContentFilter.doFilterInternal(FormContentFilter.java:93) ~[spring-web-6.1.2.jar:6.1.2]
	at org.springframework.web.filter.OncePerRequestFilter.doFilter(OncePerRequestFilter.java:116) ~[spring-web-6.1.2.jar:6.1.2]
	at org.apache.catalina.core.ApplicationFilterChain.internalDoFilter(ApplicationFilterChain.java:174) ~[tomcat-embed-core-10.1.17.jar:10.1.17]
	at org.apache.catalina.core.ApplicationFilterChain.doFilter(ApplicationFilterChain.java:149) ~[tomcat-embed-core-10.1.17.jar:10.1.17]
	at org.springframework.web.filter.ServerHttpObservationFilter.doFilterInternal(ServerHttpObservationFilter.java:109) ~[spring-web-6.1.2.jar:6.1.2]
	at org.springframework.web.filter.OncePerRequestFilter.doFilter(OncePerRequestFilter.java:116) ~[spring-web-6.1.2.jar:6.1.2]
	at org.apache.catalina.core.ApplicationFilterChain.internalDoFilter(ApplicationFilterChain.java:174) ~[tomcat-embed-core-10.1.17.jar:10.1.17]
	at org.apache.catalina.core.ApplicationFilterChain.doFilter(ApplicationFilterChain.java:149) ~[tomcat-embed-core-10.1.17.jar:10.1.17]
	at org.springframework.web.filter.CharacterEncodingFilter.doFilterInternal(CharacterEncodingFilter.java:201) ~[spring-web-6.1.2.jar:6.1.2]
	at org.springframework.web.filter.OncePerRequestFilter.doFilter(OncePerRequestFilter.java:116) ~[spring-web-6.1.2.jar:6.1.2]
	at org.apache.catalina.core.ApplicationFilterChain.internalDoFilter(ApplicationFilterChain.java:174) ~[tomcat-embed-core-10.1.17.jar:10.1.17]
	at org.apache.catalina.core.ApplicationFilterChain.doFilter(ApplicationFilterChain.java:149) ~[tomcat-embed-core-10.1.17.jar:10.1.17]
	at org.apache.catalina.core.StandardWrapperValve.invoke(StandardWrapperValve.java:167) ~[tomcat-embed-core-10.1.17.jar:10.1.17]
	at org.apache.catalina.core.StandardContextValve.invoke(StandardContextValve.java:90) ~[tomcat-embed-core-10.1.17.jar:10.1.17]
	at org.apache.catalina.authenticator.AuthenticatorBase.invoke(AuthenticatorBase.java:482) ~[tomcat-embed-core-10.1.17.jar:10.1.17]
	at org.apache.catalina.core.StandardHostValve.invoke(StandardHostValve.java:115) ~[tomcat-embed-core-10.1.17.jar:10.1.17]
	at org.apache.catalina.valves.ErrorReportValve.invoke(ErrorReportValve.java:93) ~[tomcat-embed-core-10.1.17.jar:10.1.17]
	at org.apache.catalina.core.StandardEngineValve.invoke(StandardEngineValve.java:74) ~[tomcat-embed-core-10.1.17.jar:10.1.17]
	at org.apache.catalina.connector.CoyoteAdapter.service(CoyoteAdapter.java:340) ~[tomcat-embed-core-10.1.17.jar:10.1.17]
	at org.apache.coyote.http11.Http11Processor.service(Http11Processor.java:391) ~[tomcat-embed-core-10.1.17.jar:10.1.17]
	at org.apache.coyote.AbstractProcessorLight.process(AbstractProcessorLight.java:63) ~[tomcat-embed-core-10.1.17.jar:10.1.17]
	at org.apache.coyote.AbstractProtocol$ConnectionHandler.process(AbstractProtocol.java:896) ~[tomcat-embed-core-10.1.17.jar:10.1.17]
	at org.apache.tomcat.util.net.NioEndpoint$SocketProcessor.doRun(NioEndpoint.java:1744) ~[tomcat-embed-core-10.1.17.jar:10.1.17]
	at org.apache.tomcat.util.net.SocketProcessorBase.run(SocketProcessorBase.java:52) ~[tomcat-embed-core-10.1.17.jar:10.1.17]
	at org.apache.tomcat.util.threads.ThreadPoolExecutor.runWorker(ThreadPoolExecutor.java:1191) ~[tomcat-embed-core-10.1.17.jar:10.1.17]
	at org.apache.tomcat.util.threads.ThreadPoolExecutor$Worker.run(ThreadPoolExecutor.java:659) ~[tomcat-embed-core-10.1.17.jar:10.1.17]
	at org.apache.tomcat.util.threads.TaskThread$WrappingRunnable.run(TaskThread.java:61) ~[tomcat-embed-core-10.1.17.jar:10.1.17]
	at java.base/java.lang.Thread.run(Thread.java:842) ~[na:na]

2026-04-03T01:58:31.575+08:00  INFO 27796 --- [knowledge-base] [http-nio-9902-exec-2] com.zaxxer.hikari.HikariDataSource       : HikariPool-1 - Starting...
2026-04-03T01:58:32.329+08:00  INFO 27796 --- [knowledge-base] [http-nio-9902-exec-2] com.zaxxer.hikari.pool.HikariPool        : HikariPool-1 - Added connection com.mysql.cj.jdbc.ConnectionImpl@759b52f3
2026-04-03T01:58:32.341+08:00  INFO 27796 --- [knowledge-base] [http-nio-9902-exec-2] com.zaxxer.hikari.HikariDataSource       : HikariPool-1 - Start completed.
2026-04-03T01:58:32.545+08:00  INFO 27796 --- [knowledge-base] [http-nio-9902-exec-2] o.b.jimmer.sql.runtime.ExecutorForLog    : Execute SQL===>
Purpose: QUERY
SQL: select
    tb_1_.id,
    tb_1_.created_time,
    tb_1_.edited_time,
    tb_1_.phone,
    tb_1_.password,
    tb_1_.nickname,
    tb_1_.gender,
    tb_1_.avatar
from user tb_1_
where
    tb_1_.phone = ? /* 1234567890 */
JDBC response status: success
Time cost: 115ms
<===Execute SQL
2026-04-03T01:58:32.547+08:00  INFO 27796 --- [knowledge-base] [http-nio-9902-exec-7] o.b.jimmer.sql.runtime.ExecutorForLog    : Execute SQL===>
Purpose: QUERY
SQL: select
    tb_1_.id,
    tb_1_.created_time,
    tb_1_.edited_time,
    tb_1_.phone,
    tb_1_.password,
    tb_1_.nickname,
    tb_1_.gender,
    tb_1_.avatar
from user tb_1_
where
    tb_1_.phone = ? /* 1234567890 */
JDBC response status: success
Time cost: 115ms
<===Execute SQL
2026-04-03T01:58:32.564+08:00 ERROR 27796 --- [knowledge-base] [http-nio-9902-exec-2] i.g.q.k.i.config.GlobalExceptionAdvice   : 业务异常

io.qifan.infrastructure.common.exception.BusinessException: 用户名/密码错误
	at io.github.qifan777.knowledge.user.UserController.lambda$1(UserController.java:37) ~[classes/:na]
	at java.base/java.util.Optional.orElseThrow(Optional.java:403) ~[na:na]
	at io.github.qifan777.knowledge.user.UserController.login(UserController.java:37) ~[classes/:na]
	at java.base/jdk.internal.reflect.NativeMethodAccessorImpl.invoke0(Native Method) ~[na:na]
	at java.base/jdk.internal.reflect.NativeMethodAccessorImpl.invoke(NativeMethodAccessorImpl.java:77) ~[na:na]
	at java.base/jdk.internal.reflect.DelegatingMethodAccessorImpl.invoke(DelegatingMethodAccessorImpl.java:43) ~[na:na]
	at java.base/java.lang.reflect.Method.invoke(Method.java:568) ~[na:na]
	at org.springframework.web.method.support.InvocableHandlerMethod.doInvoke(InvocableHandlerMethod.java:262) ~[spring-web-6.1.2.jar:6.1.2]
	at org.springframework.web.method.support.InvocableHandlerMethod.invokeForRequest(InvocableHandlerMethod.java:190) ~[spring-web-6.1.2.jar:6.1.2]
	at org.springframework.web.servlet.mvc.method.annotation.ServletInvocableHandlerMethod.invokeAndHandle(ServletInvocableHandlerMethod.java:118) ~[spring-webmvc-6.1.2.jar:6.1.2]
	at org.springframework.web.servlet.mvc.method.annotation.RequestMappingHandlerAdapter.invokeHandlerMethod(RequestMappingHandlerAdapter.java:917) ~[spring-webmvc-6.1.2.jar:6.1.2]
	at org.springframework.web.servlet.mvc.method.annotation.RequestMappingHandlerAdapter.handleInternal(RequestMappingHandlerAdapter.java:829) ~[spring-webmvc-6.1.2.jar:6.1.2]
	at org.springframework.web.servlet.mvc.method.AbstractHandlerMethodAdapter.handle(AbstractHandlerMethodAdapter.java:87) ~[spring-webmvc-6.1.2.jar:6.1.2]
	at org.springframework.web.servlet.DispatcherServlet.doDispatch(DispatcherServlet.java:1089) ~[spring-webmvc-6.1.2.jar:6.1.2]
	at org.springframework.web.servlet.DispatcherServlet.doService(DispatcherServlet.java:979) ~[spring-webmvc-6.1.2.jar:6.1.2]
	at org.springframework.web.servlet.FrameworkServlet.processRequest(FrameworkServlet.java:1014) ~[spring-webmvc-6.1.2.jar:6.1.2]
	at org.springframework.web.servlet.FrameworkServlet.doPost(FrameworkServlet.java:914) ~[spring-webmvc-6.1.2.jar:6.1.2]
	at jakarta.servlet.http.HttpServlet.service(HttpServlet.java:590) ~[tomcat-embed-core-10.1.17.jar:6.0]
	at org.springframework.web.servlet.FrameworkServlet.service(FrameworkServlet.java:885) ~[spring-webmvc-6.1.2.jar:6.1.2]
	at jakarta.servlet.http.HttpServlet.service(HttpServlet.java:658) ~[tomcat-embed-core-10.1.17.jar:6.0]
	at org.apache.catalina.core.ApplicationFilterChain.internalDoFilter(ApplicationFilterChain.java:205) ~[tomcat-embed-core-10.1.17.jar:10.1.17]
	at org.apache.catalina.core.ApplicationFilterChain.doFilter(ApplicationFilterChain.java:149) ~[tomcat-embed-core-10.1.17.jar:10.1.17]
	at org.apache.tomcat.websocket.server.WsFilter.doFilter(WsFilter.java:51) ~[tomcat-embed-websocket-10.1.17.jar:10.1.17]
	at org.apache.catalina.core.ApplicationFilterChain.internalDoFilter(ApplicationFilterChain.java:174) ~[tomcat-embed-core-10.1.17.jar:10.1.17]
	at org.apache.catalina.core.ApplicationFilterChain.doFilter(ApplicationFilterChain.java:149) ~[tomcat-embed-core-10.1.17.jar:10.1.17]
	at org.springframework.web.filter.RequestContextFilter.doFilterInternal(RequestContextFilter.java:100) ~[spring-web-6.1.2.jar:6.1.2]
	at org.springframework.web.filter.OncePerRequestFilter.doFilter(OncePerRequestFilter.java:116) ~[spring-web-6.1.2.jar:6.1.2]
	at org.apache.catalina.core.ApplicationFilterChain.internalDoFilter(ApplicationFilterChain.java:174) ~[tomcat-embed-core-10.1.17.jar:10.1.17]
	at org.apache.catalina.core.ApplicationFilterChain.doFilter(ApplicationFilterChain.java:149) ~[tomcat-embed-core-10.1.17.jar:10.1.17]
	at cn.dev33.satoken.filter.SaPathCheckFilterForJakartaServlet.doFilter(SaPathCheckFilterForJakartaServlet.java:55) ~[sa-token-spring-boot3-starter-1.37.0.jar:na]
	at org.apache.catalina.core.ApplicationFilterChain.internalDoFilter(ApplicationFilterChain.java:174) ~[tomcat-embed-core-10.1.17.jar:10.1.17]
	at org.apache.catalina.core.ApplicationFilterChain.doFilter(ApplicationFilterChain.java:149) ~[tomcat-embed-core-10.1.17.jar:10.1.17]
	at org.springframework.web.filter.FormContentFilter.doFilterInternal(FormContentFilter.java:93) ~[spring-web-6.1.2.jar:6.1.2]
	at org.springframework.web.filter.OncePerRequestFilter.doFilter(OncePerRequestFilter.java:116) ~[spring-web-6.1.2.jar:6.1.2]
	at org.apache.catalina.core.ApplicationFilterChain.internalDoFilter(ApplicationFilterChain.java:174) ~[tomcat-embed-core-10.1.17.jar:10.1.17]
	at org.apache.catalina.core.ApplicationFilterChain.doFilter(ApplicationFilterChain.java:149) ~[tomcat-embed-core-10.1.17.jar:10.1.17]
	at org.springframework.web.filter.ServerHttpObservationFilter.doFilterInternal(ServerHttpObservationFilter.java:109) ~[spring-web-6.1.2.jar:6.1.2]
	at org.springframework.web.filter.OncePerRequestFilter.doFilter(OncePerRequestFilter.java:116) ~[spring-web-6.1.2.jar:6.1.2]
	at org.apache.catalina.core.ApplicationFilterChain.internalDoFilter(ApplicationFilterChain.java:174) ~[tomcat-embed-core-10.1.17.jar:10.1.17]
	at org.apache.catalina.core.ApplicationFilterChain.doFilter(ApplicationFilterChain.java:149) ~[tomcat-embed-core-10.1.17.jar:10.1.17]
	at org.springframework.web.filter.CharacterEncodingFilter.doFilterInternal(CharacterEncodingFilter.java:201) ~[spring-web-6.1.2.jar:6.1.2]
	at org.springframework.web.filter.OncePerRequestFilter.doFilter(OncePerRequestFilter.java:116) ~[spring-web-6.1.2.jar:6.1.2]
	at org.apache.catalina.core.ApplicationFilterChain.internalDoFilter(ApplicationFilterChain.java:174) ~[tomcat-embed-core-10.1.17.jar:10.1.17]
	at org.apache.catalina.core.ApplicationFilterChain.doFilter(ApplicationFilterChain.java:149) ~[tomcat-embed-core-10.1.17.jar:10.1.17]
	at org.apache.catalina.core.StandardWrapperValve.invoke(StandardWrapperValve.java:167) ~[tomcat-embed-core-10.1.17.jar:10.1.17]
	at org.apache.catalina.core.StandardContextValve.invoke(StandardContextValve.java:90) ~[tomcat-embed-core-10.1.17.jar:10.1.17]
	at org.apache.catalina.authenticator.AuthenticatorBase.invoke(AuthenticatorBase.java:482) ~[tomcat-embed-core-10.1.17.jar:10.1.17]
	at org.apache.catalina.core.StandardHostValve.invoke(StandardHostValve.java:115) ~[tomcat-embed-core-10.1.17.jar:10.1.17]
	at org.apache.catalina.valves.ErrorReportValve.invoke(ErrorReportValve.java:93) ~[tomcat-embed-core-10.1.17.jar:10.1.17]
	at org.apache.catalina.core.StandardEngineValve.invoke(StandardEngineValve.java:74) ~[tomcat-embed-core-10.1.17.jar:10.1.17]
	at org.apache.catalina.connector.CoyoteAdapter.service(CoyoteAdapter.java:340) ~[tomcat-embed-core-10.1.17.jar:10.1.17]
	at org.apache.coyote.http11.Http11Processor.service(Http11Processor.java:391) ~[tomcat-embed-core-10.1.17.jar:10.1.17]
	at org.apache.coyote.AbstractProcessorLight.process(AbstractProcessorLight.java:63) ~[tomcat-embed-core-10.1.17.jar:10.1.17]
	at org.apache.coyote.AbstractProtocol$ConnectionHandler.process(AbstractProtocol.java:896) ~[tomcat-embed-core-10.1.17.jar:10.1.17]
	at org.apache.tomcat.util.net.NioEndpoint$SocketProcessor.doRun(NioEndpoint.java:1744) ~[tomcat-embed-core-10.1.17.jar:10.1.17]
	at org.apache.tomcat.util.net.SocketProcessorBase.run(SocketProcessorBase.java:52) ~[tomcat-embed-core-10.1.17.jar:10.1.17]
	at org.apache.tomcat.util.threads.ThreadPoolExecutor.runWorker(ThreadPoolExecutor.java:1191) ~[tomcat-embed-core-10.1.17.jar:10.1.17]
	at org.apache.tomcat.util.threads.ThreadPoolExecutor$Worker.run(ThreadPoolExecutor.java:659) ~[tomcat-embed-core-10.1.17.jar:10.1.17]
	at org.apache.tomcat.util.threads.TaskThread$WrappingRunnable.run(TaskThread.java:61) ~[tomcat-embed-core-10.1.17.jar:10.1.17]
	at java.base/java.lang.Thread.run(Thread.java:842) ~[na:na]

2026-04-03T01:58:32.564+08:00 ERROR 27796 --- [knowledge-base] [http-nio-9902-exec-7] i.g.q.k.i.config.GlobalExceptionAdvice   : 业务异常

io.qifan.infrastructure.common.exception.BusinessException: 用户名/密码错误
	at io.github.qifan777.knowledge.user.UserController.lambda$1(UserController.java:37) ~[classes/:na]
	at java.base/java.util.Optional.orElseThrow(Optional.java:403) ~[na:na]
	at io.github.qifan777.knowledge.user.UserController.login(UserController.java:37) ~[classes/:na]
	at java.base/jdk.internal.reflect.NativeMethodAccessorImpl.invoke0(Native Method) ~[na:na]
	at java.base/jdk.internal.reflect.NativeMethodAccessorImpl.invoke(NativeMethodAccessorImpl.java:77) ~[na:na]
	at java.base/jdk.internal.reflect.DelegatingMethodAccessorImpl.invoke(DelegatingMethodAccessorImpl.java:43) ~[na:na]
	at java.base/java.lang.reflect.Method.invoke(Method.java:568) ~[na:na]
	at org.springframework.web.method.support.InvocableHandlerMethod.doInvoke(InvocableHandlerMethod.java:262) ~[spring-web-6.1.2.jar:6.1.2]
	at org.springframework.web.method.support.InvocableHandlerMethod.invokeForRequest(InvocableHandlerMethod.java:190) ~[spring-web-6.1.2.jar:6.1.2]
	at org.springframework.web.servlet.mvc.method.annotation.ServletInvocableHandlerMethod.invokeAndHandle(ServletInvocableHandlerMethod.java:118) ~[spring-webmvc-6.1.2.jar:6.1.2]
	at org.springframework.web.servlet.mvc.method.annotation.RequestMappingHandlerAdapter.invokeHandlerMethod(RequestMappingHandlerAdapter.java:917) ~[spring-webmvc-6.1.2.jar:6.1.2]
	at org.springframework.web.servlet.mvc.method.annotation.RequestMappingHandlerAdapter.handleInternal(RequestMappingHandlerAdapter.java:829) ~[spring-webmvc-6.1.2.jar:6.1.2]
	at org.springframework.web.servlet.mvc.method.AbstractHandlerMethodAdapter.handle(AbstractHandlerMethodAdapter.java:87) ~[spring-webmvc-6.1.2.jar:6.1.2]
	at org.springframework.web.servlet.DispatcherServlet.doDispatch(DispatcherServlet.java:1089) ~[spring-webmvc-6.1.2.jar:6.1.2]
	at org.springframework.web.servlet.DispatcherServlet.doService(DispatcherServlet.java:979) ~[spring-webmvc-6.1.2.jar:6.1.2]
	at org.springframework.web.servlet.FrameworkServlet.processRequest(FrameworkServlet.java:1014) ~[spring-webmvc-6.1.2.jar:6.1.2]
	at org.springframework.web.servlet.FrameworkServlet.doPost(FrameworkServlet.java:914) ~[spring-webmvc-6.1.2.jar:6.1.2]
	at jakarta.servlet.http.HttpServlet.service(HttpServlet.java:590) ~[tomcat-embed-core-10.1.17.jar:6.0]
	at org.springframework.web.servlet.FrameworkServlet.service(FrameworkServlet.java:885) ~[spring-webmvc-6.1.2.jar:6.1.2]
	at jakarta.servlet.http.HttpServlet.service(HttpServlet.java:658) ~[tomcat-embed-core-10.1.17.jar:6.0]
	at org.apache.catalina.core.ApplicationFilterChain.internalDoFilter(ApplicationFilterChain.java:205) ~[tomcat-embed-core-10.1.17.jar:10.1.17]
	at org.apache.catalina.core.ApplicationFilterChain.doFilter(ApplicationFilterChain.java:149) ~[tomcat-embed-core-10.1.17.jar:10.1.17]
	at org.apache.tomcat.websocket.server.WsFilter.doFilter(WsFilter.java:51) ~[tomcat-embed-websocket-10.1.17.jar:10.1.17]
	at org.apache.catalina.core.ApplicationFilterChain.internalDoFilter(ApplicationFilterChain.java:174) ~[tomcat-embed-core-10.1.17.jar:10.1.17]
	at org.apache.catalina.core.ApplicationFilterChain.doFilter(ApplicationFilterChain.java:149) ~[tomcat-embed-core-10.1.17.jar:10.1.17]
	at org.springframework.web.filter.RequestContextFilter.doFilterInternal(RequestContextFilter.java:100) ~[spring-web-6.1.2.jar:6.1.2]
	at org.springframework.web.filter.OncePerRequestFilter.doFilter(OncePerRequestFilter.java:116) ~[spring-web-6.1.2.jar:6.1.2]
	at org.apache.catalina.core.ApplicationFilterChain.internalDoFilter(ApplicationFilterChain.java:174) ~[tomcat-embed-core-10.1.17.jar:10.1.17]
	at org.apache.catalina.core.ApplicationFilterChain.doFilter(ApplicationFilterChain.java:149) ~[tomcat-embed-core-10.1.17.jar:10.1.17]
	at cn.dev33.satoken.filter.SaPathCheckFilterForJakartaServlet.doFilter(SaPathCheckFilterForJakartaServlet.java:55) ~[sa-token-spring-boot3-starter-1.37.0.jar:na]
	at org.apache.catalina.core.ApplicationFilterChain.internalDoFilter(ApplicationFilterChain.java:174) ~[tomcat-embed-core-10.1.17.jar:10.1.17]
	at org.apache.catalina.core.ApplicationFilterChain.doFilter(ApplicationFilterChain.java:149) ~[tomcat-embed-core-10.1.17.jar:10.1.17]
	at org.springframework.web.filter.FormContentFilter.doFilterInternal(FormContentFilter.java:93) ~[spring-web-6.1.2.jar:6.1.2]
	at org.springframework.web.filter.OncePerRequestFilter.doFilter(OncePerRequestFilter.java:116) ~[spring-web-6.1.2.jar:6.1.2]
	at org.apache.catalina.core.ApplicationFilterChain.internalDoFilter(ApplicationFilterChain.java:174) ~[tomcat-embed-core-10.1.17.jar:10.1.17]
	at org.apache.catalina.core.ApplicationFilterChain.doFilter(ApplicationFilterChain.java:149) ~[tomcat-embed-core-10.1.17.jar:10.1.17]
	at org.springframework.web.filter.ServerHttpObservationFilter.doFilterInternal(ServerHttpObservationFilter.java:109) ~[spring-web-6.1.2.jar:6.1.2]
	at org.springframework.web.filter.OncePerRequestFilter.doFilter(OncePerRequestFilter.java:116) ~[spring-web-6.1.2.jar:6.1.2]
	at org.apache.catalina.core.ApplicationFilterChain.internalDoFilter(ApplicationFilterChain.java:174) ~[tomcat-embed-core-10.1.17.jar:10.1.17]
	at org.apache.catalina.core.ApplicationFilterChain.doFilter(ApplicationFilterChain.java:149) ~[tomcat-embed-core-10.1.17.jar:10.1.17]
	at org.springframework.web.filter.CharacterEncodingFilter.doFilterInternal(CharacterEncodingFilter.java:201) ~[spring-web-6.1.2.jar:6.1.2]
	at org.springframework.web.filter.OncePerRequestFilter.doFilter(OncePerRequestFilter.java:116) ~[spring-web-6.1.2.jar:6.1.2]
	at org.apache.catalina.core.ApplicationFilterChain.internalDoFilter(ApplicationFilterChain.java:174) ~[tomcat-embed-core-10.1.17.jar:10.1.17]
	at org.apache.catalina.core.ApplicationFilterChain.doFilter(ApplicationFilterChain.java:149) ~[tomcat-embed-core-10.1.17.jar:10.1.17]
	at org.apache.catalina.core.StandardWrapperValve.invoke(StandardWrapperValve.java:167) ~[tomcat-embed-core-10.1.17.jar:10.1.17]
	at org.apache.catalina.core.StandardContextValve.invoke(StandardContextValve.java:90) ~[tomcat-embed-core-10.1.17.jar:10.1.17]
	at org.apache.catalina.authenticator.AuthenticatorBase.invoke(AuthenticatorBase.java:482) ~[tomcat-embed-core-10.1.17.jar:10.1.17]
	at org.apache.catalina.core.StandardHostValve.invoke(StandardHostValve.java:115) ~[tomcat-embed-core-10.1.17.jar:10.1.17]
	at org.apache.catalina.valves.ErrorReportValve.invoke(ErrorReportValve.java:93) ~[tomcat-embed-core-10.1.17.jar:10.1.17]
	at org.apache.catalina.core.StandardEngineValve.invoke(StandardEngineValve.java:74) ~[tomcat-embed-core-10.1.17.jar:10.1.17]
	at org.apache.catalina.connector.CoyoteAdapter.service(CoyoteAdapter.java:340) ~[tomcat-embed-core-10.1.17.jar:10.1.17]
	at org.apache.coyote.http11.Http11Processor.service(Http11Processor.java:391) ~[tomcat-embed-core-10.1.17.jar:10.1.17]
	at org.apache.coyote.AbstractProcessorLight.process(AbstractProcessorLight.java:63) ~[tomcat-embed-core-10.1.17.jar:10.1.17]
	at org.apache.coyote.AbstractProtocol$ConnectionHandler.process(AbstractProtocol.java:896) ~[tomcat-embed-core-10.1.17.jar:10.1.17]
	at org.apache.tomcat.util.net.NioEndpoint$SocketProcessor.doRun(NioEndpoint.java:1744) ~[tomcat-embed-core-10.1.17.jar:10.1.17]
	at org.apache.tomcat.util.net.SocketProcessorBase.run(SocketProcessorBase.java:52) ~[tomcat-embed-core-10.1.17.jar:10.1.17]
	at org.apache.tomcat.util.threads.ThreadPoolExecutor.runWorker(ThreadPoolExecutor.java:1191) ~[tomcat-embed-core-10.1.17.jar:10.1.17]
	at org.apache.tomcat.util.threads.ThreadPoolExecutor$Worker.run(ThreadPoolExecutor.java:659) ~[tomcat-embed-core-10.1.17.jar:10.1.17]
	at org.apache.tomcat.util.threads.TaskThread$WrappingRunnable.run(TaskThread.java:61) ~[tomcat-embed-core-10.1.17.jar:10.1.17]
	at java.base/java.lang.Thread.run(Thread.java:842) ~[na:na]

2026-04-03T01:58:48.803+08:00  INFO 27796 --- [knowledge-base] [http-nio-9902-exec-5] o.b.jimmer.sql.runtime.ExecutorForLog    : Execute SQL===>
Purpose: QUERY
SQL: select
    tb_1_.id,
    tb_1_.created_time,
    tb_1_.edited_time,
    tb_1_.phone,
    tb_1_.password,
    tb_1_.nickname,
    tb_1_.gender,
    tb_1_.avatar
from user tb_1_
where
    tb_1_.phone = ? /* 1234567 */
JDBC response status: success
Time cost: 6ms
<===Execute SQL
2026-04-03T01:58:49.091+08:00  INFO 27796 --- [knowledge-base] [http-nio-9902-exec-5] o.b.jimmer.sql.runtime.ExecutorForLog    : Execute SQL===>
Purpose: MUTATE
SQL: select
    tb_1_.id,
    tb_1_.phone
from user tb_1_
where
    tb_1_.phone = ? /* 1234567 */
JDBC response status: success
Time cost: 1ms
<===Execute SQL
2026-04-03T01:58:49.148+08:00  INFO 27796 --- [knowledge-base] [http-nio-9902-exec-5] o.b.jimmer.sql.runtime.ExecutorForLog    : Execute SQL===>
Purpose: MUTATE
SQL: insert into user(created_time, edited_time, id, phone, password)
values
    (? /* 2026-04-03 01:58:49.0913015 */, ? /* 2026-04-03 01:58:49.0913015 */, ? /* 29eb9805e0d844868db1128576526ae6 */, ? /* 1234567 */, ? /* $2a$10$sEIjFuoMHkfVtYfQKiTBRePYCrUlAxQjG7dBSKRTOesJdsacn8/8O */)
Affected row count: 1
JDBC response status: success
Time cost: 35ms
<===Execute SQL
2026-04-03T01:58:50.676+08:00 DEBUG 27796 --- [knowledge-base] [http-nio-9902-exec-5] i.g.q.k.i.config.ResponseInterceptor     : 响应结果：SaTokenInfo [tokenName=token, tokenValue=bf7b5eb5-0746-446a-ac2b-da9dc0d96133, isLogin=true, loginId=29eb9805e0d844868db1128576526ae6, loginType=login, tokenTimeout=2592000, sessionTimeout=2592000, tokenSessionTimeout=-2, tokenActiveTimeout=-1, loginDevice=default-device, tag=null]
2026-04-03T01:58:50.874+08:00  INFO 27796 --- [knowledge-base] [http-nio-9902-exec-6] o.b.jimmer.sql.runtime.ExecutorForLog    : Execute SQL===>
Purpose: QUERY
SQL: select
    tb_1_.id,
    tb_1_.created_time,
    tb_1_.edited_time,
    tb_1_.name
from ai_session tb_1_
where
    tb_1_.creator_id = ? /* 29eb9805e0d844868db1128576526ae6 */
JDBC response status: success
Time cost: 4ms
<===Execute SQL
2026-04-03T01:58:50.877+08:00 DEBUG 27796 --- [knowledge-base] [http-nio-9902-exec-6] i.g.q.k.i.config.ResponseInterceptor     : 响应结果：[]
2026-04-03T01:58:51.273+08:00  INFO 27796 --- [knowledge-base] [http-nio-9902-exec-4] o.b.jimmer.sql.runtime.ExecutorForLog    : Execute SQL===>
Purpose: MUTATE
SQL: insert into ai_session(created_time, edited_time, id, editor_id, creator_id, name)
values
    (? /* 2026-04-03 01:58:51.2472467 */, ? /* 2026-04-03 01:58:51.2472467 */, ? /* 2dcfe79ae2134fa2ab7f20028f4a3aa7 */, ? /* 29eb9805e0d844868db1128576526ae6 */, ? /* 29eb9805e0d844868db1128576526ae6 */, ? /* 新的绘画 */)
Affected row count: 1
JDBC response status: success
Time cost: 19ms
<===Execute SQL
2026-04-03T01:58:51.783+08:00  INFO 27796 --- [knowledge-base] [http-nio-9902-exec-3] o.b.jimmer.sql.runtime.ExecutorForLog    : Execute SQL===>
Purpose: QUERY
SQL: select
    tb_1_.id,
    tb_1_.created_time,
    tb_1_.edited_time,
    tb_1_.name
from ai_session tb_1_
where
    tb_1_.id = ? /* 2dcfe79ae2134fa2ab7f20028f4a3aa7 */
JDBC response status: success
Time cost: 11ms
<===Execute SQL
2026-04-03T01:58:51.864+08:00  INFO 27796 --- [knowledge-base] [http-nio-9902-exec-3] o.b.jimmer.sql.runtime.ExecutorForLog    : Execute SQL===>
Purpose: LOAD
SQL: select
    tb_1_.id,
    tb_1_.created_time,
    tb_1_.edited_time,
    tb_1_.type,
    tb_1_.text_content,
    tb_1_.medias,
    tb_1_.ai_session_id
from ai_message tb_1_
where
    tb_1_.ai_session_id = ? /* 2dcfe79ae2134fa2ab7f20028f4a3aa7 */
order by
    tb_1_.created_time asc
JDBC response status: success
Time cost: 12ms
<===Execute SQL
2026-04-03T01:58:52.239+08:00 DEBUG 27796 --- [knowledge-base] [http-nio-9902-exec-3] i.g.q.k.i.config.ResponseInterceptor     : 响应结果：{"id":"2dcfe79ae2134fa2ab7f20028f4a3aa7","createdTime":"2026-04-03T01:58:51.247247","editedTime":"2026-04-03T01:58:51.247247","name":"新的绘画","messages":[]}
2026-04-03T01:59:52.847+08:00  INFO 27796 --- [knowledge-base] [boundedElastic-1] o.b.jimmer.sql.runtime.ExecutorForLog    : Execute SQL===>
Purpose: QUERY
SQL: select
    tb_1_.id,
    tb_1_.created_time,
    tb_1_.edited_time,
    tb_1_.editor_id,
    tb_1_.creator_id,
    tb_1_.type,
    tb_1_.text_content,
    tb_1_.medias,
    tb_1_.ai_session_id
from ai_message tb_1_
where
    tb_1_.ai_session_id = ? /* 2dcfe79ae2134fa2ab7f20028f4a3aa7 */
order by
    tb_1_.created_time asc
limit ? /* 0 */, ? /* 10 */
JDBC response status: success
Time cost: 20ms
<===Execute SQL
2026-04-03T02:00:17.882+08:00 ERROR 27796 --- [knowledge-base] [ForkJoinPool.commonPool-worker-1] o.s.ai.chat.model.MessageAggregator      : Aggregation Error

org.springframework.web.reactive.function.client.WebClientRequestException: Remote host terminated the handshake
	at org.springframework.web.reactive.function.client.ExchangeFunctions$DefaultExchangeFunction.lambda$wrapException$9(ExchangeFunctions.java:136) ~[spring-webflux-6.1.2.jar:6.1.2]
	Suppressed: reactor.core.publisher.FluxOnAssembly$OnAssemblyException: 
Error has been observed at the following site(s):
	*__checkpoint ? Request to POST https://dashscope.aliyuncs.com/api/v1/services/aigc/text-generation/generation [DefaultWebClient]
Original Stack Trace:
		at org.springframework.web.reactive.function.client.ExchangeFunctions$DefaultExchangeFunction.lambda$wrapException$9(ExchangeFunctions.java:136) ~[spring-webflux-6.1.2.jar:6.1.2]
		at reactor.core.publisher.MonoErrorSupplied.subscribe(MonoErrorSupplied.java:55) ~[reactor-core-3.6.1.jar:3.6.1]
		at reactor.core.publisher.Mono.subscribe(Mono.java:4512) ~[reactor-core-3.6.1.jar:3.6.1]
		at reactor.core.publisher.FluxOnErrorResume$ResumeSubscriber.onError(FluxOnErrorResume.java:103) ~[reactor-core-3.6.1.jar:3.6.1]
		at reactor.core.publisher.FluxPeek$PeekSubscriber.onError(FluxPeek.java:222) ~[reactor-core-3.6.1.jar:3.6.1]
		at reactor.core.publisher.FluxPeek$PeekSubscriber.onError(FluxPeek.java:222) ~[reactor-core-3.6.1.jar:3.6.1]
		at reactor.core.publisher.MonoIgnoreThen$ThenIgnoreMain.onError(MonoIgnoreThen.java:279) ~[reactor-core-3.6.1.jar:3.6.1]
		at reactor.core.publisher.FluxMap$MapSubscriber.onError(FluxMap.java:134) ~[reactor-core-3.6.1.jar:3.6.1]
		at reactor.core.publisher.MonoCompletionStage$MonoCompletionStageSubscription.apply(MonoCompletionStage.java:115) ~[reactor-core-3.6.1.jar:3.6.1]
		at reactor.core.publisher.MonoCompletionStage$MonoCompletionStageSubscription.apply(MonoCompletionStage.java:67) ~[reactor-core-3.6.1.jar:3.6.1]
		at java.base/java.util.concurrent.CompletableFuture.uniHandle(CompletableFuture.java:934) ~[na:na]
		at java.base/java.util.concurrent.CompletableFuture$UniHandle.tryFire(CompletableFuture.java:911) ~[na:na]
		at java.base/java.util.concurrent.CompletableFuture.postComplete(CompletableFuture.java:510) ~[na:na]
		at java.base/java.util.concurrent.CompletableFuture.postFire(CompletableFuture.java:614) ~[na:na]
		at java.base/java.util.concurrent.CompletableFuture$UniWhenComplete.tryFire(CompletableFuture.java:844) ~[na:na]
		at java.base/java.util.concurrent.CompletableFuture$Completion.exec(CompletableFuture.java:483) ~[na:na]
		at java.base/java.util.concurrent.ForkJoinTask.doExec(ForkJoinTask.java:373) ~[na:na]
		at java.base/java.util.concurrent.ForkJoinPool$WorkQueue.topLevelExec(ForkJoinPool.java:1182) ~[na:na]
		at java.base/java.util.concurrent.ForkJoinPool.scan(ForkJoinPool.java:1655) ~[na:na]
		at java.base/java.util.concurrent.ForkJoinPool.runWorker(ForkJoinPool.java:1622) ~[na:na]
		at java.base/java.util.concurrent.ForkJoinWorkerThread.run(ForkJoinWorkerThread.java:165) ~[na:na]
Caused by: javax.net.ssl.SSLHandshakeException: Remote host terminated the handshake
	at java.net.http/jdk.internal.net.http.common.SSLTube.checkForHandshake(SSLTube.java:595) ~[java.net.http:na]
	at java.net.http/jdk.internal.net.http.common.SSLTube$SSLTubeFlowDelegate.checkForHandshake(SSLTube.java:156) ~[java.net.http:na]
	at java.net.http/jdk.internal.net.http.common.SSLFlowDelegate$Reader.errorCommon(SSLFlowDelegate.java:365) ~[java.net.http:na]
	at java.net.http/jdk.internal.net.http.common.SubscriberWrapper.onError(SubscriberWrapper.java:410) ~[java.net.http:na]
	at java.net.http/jdk.internal.net.http.SocketTube$InternalReadPublisher$ReadSubscription.signalCompletion(SocketTube.java:637) ~[java.net.http:na]
	at java.net.http/jdk.internal.net.http.SocketTube$InternalReadPublisher$InternalReadSubscription.read(SocketTube.java:821) ~[java.net.http:na]
	at java.net.http/jdk.internal.net.http.SocketTube$SocketFlowTask.run(SocketTube.java:181) ~[java.net.http:na]
	at java.net.http/jdk.internal.net.http.common.SequentialScheduler$SchedulableTask.run(SequentialScheduler.java:230) ~[java.net.http:na]
	at java.net.http/jdk.internal.net.http.common.SequentialScheduler.runOrSchedule(SequentialScheduler.java:303) ~[java.net.http:na]
	at java.net.http/jdk.internal.net.http.common.SequentialScheduler.runOrSchedule(SequentialScheduler.java:256) ~[java.net.http:na]
	at java.net.http/jdk.internal.net.http.SocketTube$InternalReadPublisher$InternalReadSubscription.signalReadable(SocketTube.java:774) ~[java.net.http:na]
	at java.net.http/jdk.internal.net.http.SocketTube$InternalReadPublisher$ReadEvent.signalEvent(SocketTube.java:957) ~[java.net.http:na]
	at java.net.http/jdk.internal.net.http.SocketTube$SocketFlowEvent.handle(SocketTube.java:253) ~[java.net.http:na]
	at java.net.http/jdk.internal.net.http.HttpClientImpl$SelectorManager.handleEvent(HttpClientImpl.java:979) ~[java.net.http:na]
	at java.net.http/jdk.internal.net.http.HttpClientImpl$SelectorManager.lambda$run$3(HttpClientImpl.java:934) ~[java.net.http:na]
	at java.base/java.util.ArrayList.forEach(ArrayList.java:1511) ~[na:na]
	at java.net.http/jdk.internal.net.http.HttpClientImpl$SelectorManager.run(HttpClientImpl.java:934) ~[java.net.http:na]
Caused by: java.net.SocketException: Connection reset
	at java.base/sun.nio.ch.SocketChannelImpl.throwConnectionReset(SocketChannelImpl.java:394) ~[na:na]
	at java.base/sun.nio.ch.SocketChannelImpl.read(SocketChannelImpl.java:426) ~[na:na]
	at java.net.http/jdk.internal.net.http.SocketTube.readAvailable(SocketTube.java:1170) ~[java.net.http:na]
	at java.net.http/jdk.internal.net.http.SocketTube$InternalReadPublisher$InternalReadSubscription.read(SocketTube.java:833) ~[java.net.http:na]
	... 11 common frames omitted

2026-04-03T02:00:17.893+08:00 ERROR 27796 --- [knowledge-base] [boundedElastic-2] o.s.ai.chat.model.MessageAggregator      : Aggregation Error

org.springframework.web.reactive.function.client.WebClientRequestException: Remote host terminated the handshake
	at org.springframework.web.reactive.function.client.ExchangeFunctions$DefaultExchangeFunction.lambda$wrapException$9(ExchangeFunctions.java:136) ~[spring-webflux-6.1.2.jar:6.1.2]
	Suppressed: reactor.core.publisher.FluxOnAssembly$OnAssemblyException: 
Error has been observed at the following site(s):
	*__checkpoint ? Request to POST https://dashscope.aliyuncs.com/api/v1/services/aigc/text-generation/generation [DefaultWebClient]
Original Stack Trace:
		at org.springframework.web.reactive.function.client.ExchangeFunctions$DefaultExchangeFunction.lambda$wrapException$9(ExchangeFunctions.java:136) ~[spring-webflux-6.1.2.jar:6.1.2]
		at reactor.core.publisher.MonoErrorSupplied.subscribe(MonoErrorSupplied.java:55) ~[reactor-core-3.6.1.jar:3.6.1]
		at reactor.core.publisher.Mono.subscribe(Mono.java:4512) ~[reactor-core-3.6.1.jar:3.6.1]
		at reactor.core.publisher.FluxOnErrorResume$ResumeSubscriber.onError(FluxOnErrorResume.java:103) ~[reactor-core-3.6.1.jar:3.6.1]
		at reactor.core.publisher.FluxPeek$PeekSubscriber.onError(FluxPeek.java:222) ~[reactor-core-3.6.1.jar:3.6.1]
		at reactor.core.publisher.FluxPeek$PeekSubscriber.onError(FluxPeek.java:222) ~[reactor-core-3.6.1.jar:3.6.1]
		at reactor.core.publisher.MonoIgnoreThen$ThenIgnoreMain.onError(MonoIgnoreThen.java:279) ~[reactor-core-3.6.1.jar:3.6.1]
		at reactor.core.publisher.FluxMap$MapSubscriber.onError(FluxMap.java:134) ~[reactor-core-3.6.1.jar:3.6.1]
		at reactor.core.publisher.MonoCompletionStage$MonoCompletionStageSubscription.apply(MonoCompletionStage.java:115) ~[reactor-core-3.6.1.jar:3.6.1]
		at reactor.core.publisher.MonoCompletionStage$MonoCompletionStageSubscription.apply(MonoCompletionStage.java:67) ~[reactor-core-3.6.1.jar:3.6.1]
		at java.base/java.util.concurrent.CompletableFuture.uniHandle(CompletableFuture.java:934) ~[na:na]
		at java.base/java.util.concurrent.CompletableFuture$UniHandle.tryFire(CompletableFuture.java:911) ~[na:na]
		at java.base/java.util.concurrent.CompletableFuture.postComplete(CompletableFuture.java:510) ~[na:na]
		at java.base/java.util.concurrent.CompletableFuture.postFire(CompletableFuture.java:614) ~[na:na]
		at java.base/java.util.concurrent.CompletableFuture$UniWhenComplete.tryFire(CompletableFuture.java:844) ~[na:na]
		at java.base/java.util.concurrent.CompletableFuture$Completion.exec(CompletableFuture.java:483) ~[na:na]
		at java.base/java.util.concurrent.ForkJoinTask.doExec(ForkJoinTask.java:373) ~[na:na]
		at java.base/java.util.concurrent.ForkJoinPool$WorkQueue.topLevelExec(ForkJoinPool.java:1182) ~[na:na]
		at java.base/java.util.concurrent.ForkJoinPool.scan(ForkJoinPool.java:1655) ~[na:na]
		at java.base/java.util.concurrent.ForkJoinPool.runWorker(ForkJoinPool.java:1622) ~[na:na]
		at java.base/java.util.concurrent.ForkJoinWorkerThread.run(ForkJoinWorkerThread.java:165) ~[na:na]
Caused by: javax.net.ssl.SSLHandshakeException: Remote host terminated the handshake
	at java.net.http/jdk.internal.net.http.common.SSLTube.checkForHandshake(SSLTube.java:595) ~[java.net.http:na]
	at java.net.http/jdk.internal.net.http.common.SSLTube$SSLTubeFlowDelegate.checkForHandshake(SSLTube.java:156) ~[java.net.http:na]
	at java.net.http/jdk.internal.net.http.common.SSLFlowDelegate$Reader.errorCommon(SSLFlowDelegate.java:365) ~[java.net.http:na]
	at java.net.http/jdk.internal.net.http.common.SubscriberWrapper.onError(SubscriberWrapper.java:410) ~[java.net.http:na]
	at java.net.http/jdk.internal.net.http.SocketTube$InternalReadPublisher$ReadSubscription.signalCompletion(SocketTube.java:637) ~[java.net.http:na]
	at java.net.http/jdk.internal.net.http.SocketTube$InternalReadPublisher$InternalReadSubscription.read(SocketTube.java:821) ~[java.net.http:na]
	at java.net.http/jdk.internal.net.http.SocketTube$SocketFlowTask.run(SocketTube.java:181) ~[java.net.http:na]
	at java.net.http/jdk.internal.net.http.common.SequentialScheduler$SchedulableTask.run(SequentialScheduler.java:230) ~[java.net.http:na]
	at java.net.http/jdk.internal.net.http.common.SequentialScheduler.runOrSchedule(SequentialScheduler.java:303) ~[java.net.http:na]
	at java.net.http/jdk.internal.net.http.common.SequentialScheduler.runOrSchedule(SequentialScheduler.java:256) ~[java.net.http:na]
	at java.net.http/jdk.internal.net.http.SocketTube$InternalReadPublisher$InternalReadSubscription.signalReadable(SocketTube.java:774) ~[java.net.http:na]
	at java.net.http/jdk.internal.net.http.SocketTube$InternalReadPublisher$ReadEvent.signalEvent(SocketTube.java:957) ~[java.net.http:na]
	at java.net.http/jdk.internal.net.http.SocketTube$SocketFlowEvent.handle(SocketTube.java:253) ~[java.net.http:na]
	at java.net.http/jdk.internal.net.http.HttpClientImpl$SelectorManager.handleEvent(HttpClientImpl.java:979) ~[java.net.http:na]
	at java.net.http/jdk.internal.net.http.HttpClientImpl$SelectorManager.lambda$run$3(HttpClientImpl.java:934) ~[java.net.http:na]
	at java.base/java.util.ArrayList.forEach(ArrayList.java:1511) ~[na:na]
	at java.net.http/jdk.internal.net.http.HttpClientImpl$SelectorManager.run(HttpClientImpl.java:934) ~[java.net.http:na]
Caused by: java.net.SocketException: Connection reset
	at java.base/sun.nio.ch.SocketChannelImpl.throwConnectionReset(SocketChannelImpl.java:394) ~[na:na]
	at java.base/sun.nio.ch.SocketChannelImpl.read(SocketChannelImpl.java:426) ~[na:na]
	at java.net.http/jdk.internal.net.http.SocketTube.readAvailable(SocketTube.java:1170) ~[java.net.http:na]
	at java.net.http/jdk.internal.net.http.SocketTube$InternalReadPublisher$InternalReadSubscription.read(SocketTube.java:833) ~[java.net.http:na]
	... 11 common frames omitted

2026-04-03T02:00:17.940+08:00 ERROR 27796 --- [knowledge-base] [http-nio-9902-exec-8] i.g.q.k.i.config.GlobalExceptionAdvice   : 系统异常

org.springframework.web.reactive.function.client.WebClientRequestException: Remote host terminated the handshake
	at org.springframework.web.reactive.function.client.ExchangeFunctions$DefaultExchangeFunction.lambda$wrapException$9(ExchangeFunctions.java:136) ~[spring-webflux-6.1.2.jar:6.1.2]
	Suppressed: reactor.core.publisher.FluxOnAssembly$OnAssemblyException: 
Error has been observed at the following site(s):
	*__checkpoint ? Request to POST https://dashscope.aliyuncs.com/api/v1/services/aigc/text-generation/generation [DefaultWebClient]
Original Stack Trace:
		at org.springframework.web.reactive.function.client.ExchangeFunctions$DefaultExchangeFunction.lambda$wrapException$9(ExchangeFunctions.java:136) ~[spring-webflux-6.1.2.jar:6.1.2]
		at reactor.core.publisher.MonoErrorSupplied.subscribe(MonoErrorSupplied.java:55) ~[reactor-core-3.6.1.jar:3.6.1]
		at reactor.core.publisher.Mono.subscribe(Mono.java:4512) ~[reactor-core-3.6.1.jar:3.6.1]
		at reactor.core.publisher.FluxOnErrorResume$ResumeSubscriber.onError(FluxOnErrorResume.java:103) ~[reactor-core-3.6.1.jar:3.6.1]
		at reactor.core.publisher.FluxPeek$PeekSubscriber.onError(FluxPeek.java:222) ~[reactor-core-3.6.1.jar:3.6.1]
		at reactor.core.publisher.FluxPeek$PeekSubscriber.onError(FluxPeek.java:222) ~[reactor-core-3.6.1.jar:3.6.1]
		at reactor.core.publisher.MonoIgnoreThen$ThenIgnoreMain.onError(MonoIgnoreThen.java:279) ~[reactor-core-3.6.1.jar:3.6.1]
		at reactor.core.publisher.FluxMap$MapSubscriber.onError(FluxMap.java:134) ~[reactor-core-3.6.1.jar:3.6.1]
		at reactor.core.publisher.MonoCompletionStage$MonoCompletionStageSubscription.apply(MonoCompletionStage.java:115) ~[reactor-core-3.6.1.jar:3.6.1]
		at reactor.core.publisher.MonoCompletionStage$MonoCompletionStageSubscription.apply(MonoCompletionStage.java:67) ~[reactor-core-3.6.1.jar:3.6.1]
		at java.base/java.util.concurrent.CompletableFuture.uniHandle(CompletableFuture.java:934) ~[na:na]
		at java.base/java.util.concurrent.CompletableFuture$UniHandle.tryFire(CompletableFuture.java:911) ~[na:na]
		at java.base/java.util.concurrent.CompletableFuture.postComplete(CompletableFuture.java:510) ~[na:na]
		at java.base/java.util.concurrent.CompletableFuture.postFire(CompletableFuture.java:614) ~[na:na]
		at java.base/java.util.concurrent.CompletableFuture$UniWhenComplete.tryFire(CompletableFuture.java:844) ~[na:na]
		at java.base/java.util.concurrent.CompletableFuture$Completion.exec(CompletableFuture.java:483) ~[na:na]
		at java.base/java.util.concurrent.ForkJoinTask.doExec(ForkJoinTask.java:373) ~[na:na]
		at java.base/java.util.concurrent.ForkJoinPool$WorkQueue.topLevelExec(ForkJoinPool.java:1182) ~[na:na]
		at java.base/java.util.concurrent.ForkJoinPool.scan(ForkJoinPool.java:1655) ~[na:na]
		at java.base/java.util.concurrent.ForkJoinPool.runWorker(ForkJoinPool.java:1622) ~[na:na]
		at java.base/java.util.concurrent.ForkJoinWorkerThread.run(ForkJoinWorkerThread.java:165) ~[na:na]
Caused by: javax.net.ssl.SSLHandshakeException: Remote host terminated the handshake
	at java.net.http/jdk.internal.net.http.common.SSLTube.checkForHandshake(SSLTube.java:595) ~[java.net.http:na]
	at java.net.http/jdk.internal.net.http.common.SSLTube$SSLTubeFlowDelegate.checkForHandshake(SSLTube.java:156) ~[java.net.http:na]
	at java.net.http/jdk.internal.net.http.common.SSLFlowDelegate$Reader.errorCommon(SSLFlowDelegate.java:365) ~[java.net.http:na]
	at java.net.http/jdk.internal.net.http.common.SubscriberWrapper.onError(SubscriberWrapper.java:410) ~[java.net.http:na]
	at java.net.http/jdk.internal.net.http.SocketTube$InternalReadPublisher$ReadSubscription.signalCompletion(SocketTube.java:637) ~[java.net.http:na]
	at java.net.http/jdk.internal.net.http.SocketTube$InternalReadPublisher$InternalReadSubscription.read(SocketTube.java:821) ~[java.net.http:na]
	at java.net.http/jdk.internal.net.http.SocketTube$SocketFlowTask.run(SocketTube.java:181) ~[java.net.http:na]
	at java.net.http/jdk.internal.net.http.common.SequentialScheduler$SchedulableTask.run(SequentialScheduler.java:230) ~[java.net.http:na]
	at java.net.http/jdk.internal.net.http.common.SequentialScheduler.runOrSchedule(SequentialScheduler.java:303) ~[java.net.http:na]
	at java.net.http/jdk.internal.net.http.common.SequentialScheduler.runOrSchedule(SequentialScheduler.java:256) ~[java.net.http:na]
	at java.net.http/jdk.internal.net.http.SocketTube$InternalReadPublisher$InternalReadSubscription.signalReadable(SocketTube.java:774) ~[java.net.http:na]
	at java.net.http/jdk.internal.net.http.SocketTube$InternalReadPublisher$ReadEvent.signalEvent(SocketTube.java:957) ~[java.net.http:na]
	at java.net.http/jdk.internal.net.http.SocketTube$SocketFlowEvent.handle(SocketTube.java:253) ~[java.net.http:na]
	at java.net.http/jdk.internal.net.http.HttpClientImpl$SelectorManager.handleEvent(HttpClientImpl.java:979) ~[java.net.http:na]
	at java.net.http/jdk.internal.net.http.HttpClientImpl$SelectorManager.lambda$run$3(HttpClientImpl.java:934) ~[java.net.http:na]
	at java.base/java.util.ArrayList.forEach(ArrayList.java:1511) ~[na:na]
	at java.net.http/jdk.internal.net.http.HttpClientImpl$SelectorManager.run(HttpClientImpl.java:934) ~[java.net.http:na]
Caused by: java.net.SocketException: Connection reset
	at java.base/sun.nio.ch.SocketChannelImpl.throwConnectionReset(SocketChannelImpl.java:394) ~[na:na]
	at java.base/sun.nio.ch.SocketChannelImpl.read(SocketChannelImpl.java:426) ~[na:na]
	at java.net.http/jdk.internal.net.http.SocketTube.readAvailable(SocketTube.java:1170) ~[java.net.http:na]
	at java.net.http/jdk.internal.net.http.SocketTube$InternalReadPublisher$InternalReadSubscription.read(SocketTube.java:833) ~[java.net.http:na]
	... 11 common frames omitted

2026-04-03T02:04:06.745+08:00  INFO 27796 --- [knowledge-base] [http-nio-9902-exec-10] o.b.jimmer.sql.runtime.ExecutorForLog    : Execute SQL===>
Purpose: QUERY
SQL: select
    tb_1_.id,
    tb_1_.created_time,
    tb_1_.edited_time,
    tb_1_.name
from ai_session tb_1_
where
    tb_1_.creator_id = ? /* 29eb9805e0d844868db1128576526ae6 */
JDBC response status: success
Time cost: 4ms
<===Execute SQL
2026-04-03T02:04:06.750+08:00  INFO 27796 --- [knowledge-base] [http-nio-9902-exec-10] o.b.jimmer.sql.runtime.ExecutorForLog    : Execute SQL===>
Purpose: LOAD
SQL: select
    tb_1_.id,
    tb_1_.created_time,
    tb_1_.edited_time,
    tb_1_.type,
    tb_1_.text_content,
    tb_1_.medias,
    tb_1_.ai_session_id
from ai_message tb_1_
where
    tb_1_.ai_session_id = ? /* 2dcfe79ae2134fa2ab7f20028f4a3aa7 */
order by
    tb_1_.created_time asc
JDBC response status: success
Time cost: 3ms
<===Execute SQL
2026-04-03T02:04:06.753+08:00 DEBUG 27796 --- [knowledge-base] [http-nio-9902-exec-10] i.g.q.k.i.config.ResponseInterceptor     : 响应结果：[{"id":"2dcfe79ae2134fa2ab7f20028f4a3aa7","createdTime":"2026-04-03T01:58:51.247247","editedTime":"2026-04-03T01:58:51.247247","name":"新的绘画","messages":[]}]
2026-04-03T02:04:22.659+08:00  INFO 27796 --- [knowledge-base] [http-nio-9902-exec-1] o.b.jimmer.sql.runtime.ExecutorForLog    : Execute SQL===>
Purpose: QUERY
SQL: select
    tb_1_.id,
    tb_1_.created_time,
    tb_1_.edited_time,
    tb_1_.name
from ai_session tb_1_
where
    tb_1_.creator_id = ? /* 29eb9805e0d844868db1128576526ae6 */
JDBC response status: success
Time cost: 1ms
<===Execute SQL
2026-04-03T02:04:22.665+08:00  INFO 27796 --- [knowledge-base] [http-nio-9902-exec-1] o.b.jimmer.sql.runtime.ExecutorForLog    : Execute SQL===>
Purpose: LOAD
SQL: select
    tb_1_.id,
    tb_1_.created_time,
    tb_1_.edited_time,
    tb_1_.type,
    tb_1_.text_content,
    tb_1_.medias,
    tb_1_.ai_session_id
from ai_message tb_1_
where
    tb_1_.ai_session_id = ? /* 2dcfe79ae2134fa2ab7f20028f4a3aa7 */
order by
    tb_1_.created_time asc
JDBC response status: success
Time cost: 4ms
<===Execute SQL
2026-04-03T02:04:22.666+08:00 DEBUG 27796 --- [knowledge-base] [http-nio-9902-exec-1] i.g.q.k.i.config.ResponseInterceptor     : 响应结果：[{"id":"2dcfe79ae2134fa2ab7f20028f4a3aa7","createdTime":"2026-04-03T01:58:51.247247","editedTime":"2026-04-03T01:58:51.247247","name":"新的绘画","messages":[]}]
2026-04-03T02:04:38.995+08:00  INFO 27796 --- [knowledge-base] [http-nio-9902-exec-2] o.b.jimmer.sql.runtime.ExecutorForLog    : Execute SQL===>
Purpose: QUERY
SQL: select
    tb_1_.id,
    tb_1_.created_time,
    tb_1_.edited_time,
    tb_1_.name
from ai_session tb_1_
where
    tb_1_.creator_id = ? /* 29eb9805e0d844868db1128576526ae6 */
JDBC response status: success
Time cost: 3ms
<===Execute SQL
2026-04-03T02:04:39.002+08:00  INFO 27796 --- [knowledge-base] [http-nio-9902-exec-2] o.b.jimmer.sql.runtime.ExecutorForLog    : Execute SQL===>
Purpose: LOAD
SQL: select
    tb_1_.id,
    tb_1_.created_time,
    tb_1_.edited_time,
    tb_1_.type,
    tb_1_.text_content,
    tb_1_.medias,
    tb_1_.ai_session_id
from ai_message tb_1_
where
    tb_1_.ai_session_id = ? /* 2dcfe79ae2134fa2ab7f20028f4a3aa7 */
order by
    tb_1_.created_time asc
JDBC response status: success
Time cost: 3ms
<===Execute SQL
2026-04-03T02:04:39.004+08:00 DEBUG 27796 --- [knowledge-base] [http-nio-9902-exec-2] i.g.q.k.i.config.ResponseInterceptor     : 响应结果：[{"id":"2dcfe79ae2134fa2ab7f20028f4a3aa7","createdTime":"2026-04-03T01:58:51.247247","editedTime":"2026-04-03T01:58:51.247247","name":"新的绘画","messages":[]}]
2026-04-03T02:04:57.122+08:00  INFO 27796 --- [knowledge-base] [http-nio-9902-exec-7] o.b.jimmer.sql.runtime.ExecutorForLog    : Execute SQL===>
Purpose: QUERY
SQL: select
    tb_1_.id,
    tb_1_.created_time,
    tb_1_.edited_time,
    tb_1_.name
from ai_session tb_1_
where
    tb_1_.creator_id = ? /* 29eb9805e0d844868db1128576526ae6 */
JDBC response status: success
Time cost: 4ms
<===Execute SQL
2026-04-03T02:04:57.126+08:00  INFO 27796 --- [knowledge-base] [http-nio-9902-exec-7] o.b.jimmer.sql.runtime.ExecutorForLog    : Execute SQL===>
Purpose: LOAD
SQL: select
    tb_1_.id,
    tb_1_.created_time,
    tb_1_.edited_time,
    tb_1_.type,
    tb_1_.text_content,
    tb_1_.medias,
    tb_1_.ai_session_id
from ai_message tb_1_
where
    tb_1_.ai_session_id = ? /* 2dcfe79ae2134fa2ab7f20028f4a3aa7 */
order by
    tb_1_.created_time asc
JDBC response status: success
Time cost: 4ms
<===Execute SQL
2026-04-03T02:04:57.127+08:00 DEBUG 27796 --- [knowledge-base] [http-nio-9902-exec-7] i.g.q.k.i.config.ResponseInterceptor     : 响应结果：[{"id":"2dcfe79ae2134fa2ab7f20028f4a3aa7","createdTime":"2026-04-03T01:58:51.247247","editedTime":"2026-04-03T01:58:51.247247","name":"新的绘画","messages":[]}]
2026-04-03T02:05:32.036+08:00  INFO 27796 --- [knowledge-base] [http-nio-9902-exec-5] o.b.jimmer.sql.runtime.ExecutorForLog    : Execute SQL===>
Purpose: QUERY
SQL: select
    tb_1_.id,
    tb_1_.created_time,
    tb_1_.edited_time,
    tb_1_.name
from ai_session tb_1_
where
    tb_1_.creator_id = ? /* 29eb9805e0d844868db1128576526ae6 */
JDBC response status: success
Time cost: 3ms
<===Execute SQL
2026-04-03T02:05:32.041+08:00  INFO 27796 --- [knowledge-base] [http-nio-9902-exec-5] o.b.jimmer.sql.runtime.ExecutorForLog    : Execute SQL===>
Purpose: LOAD
SQL: select
    tb_1_.id,
    tb_1_.created_time,
    tb_1_.edited_time,
    tb_1_.type,
    tb_1_.text_content,
    tb_1_.medias,
    tb_1_.ai_session_id
from ai_message tb_1_
where
    tb_1_.ai_session_id = ? /* 2dcfe79ae2134fa2ab7f20028f4a3aa7 */
order by
    tb_1_.created_time asc
JDBC response status: success
Time cost: 3ms
<===Execute SQL
2026-04-03T02:05:32.043+08:00 DEBUG 27796 --- [knowledge-base] [http-nio-9902-exec-5] i.g.q.k.i.config.ResponseInterceptor     : 响应结果：[{"id":"2dcfe79ae2134fa2ab7f20028f4a3aa7","createdTime":"2026-04-03T01:58:51.247247","editedTime":"2026-04-03T01:58:51.247247","name":"新的绘画","messages":[]}]
2026-04-03T02:05:53.783+08:00  INFO 27796 --- [knowledge-base] [http-nio-9902-exec-6] o.b.jimmer.sql.runtime.ExecutorForLog    : Execute SQL===>
Purpose: QUERY
SQL: select
    tb_1_.id,
    tb_1_.created_time,
    tb_1_.edited_time,
    tb_1_.name
from ai_session tb_1_
where
    tb_1_.creator_id = ? /* 29eb9805e0d844868db1128576526ae6 */
JDBC response status: success
Time cost: 3ms
<===Execute SQL
2026-04-03T02:05:53.788+08:00  INFO 27796 --- [knowledge-base] [http-nio-9902-exec-6] o.b.jimmer.sql.runtime.ExecutorForLog    : Execute SQL===>
Purpose: LOAD
SQL: select
    tb_1_.id,
    tb_1_.created_time,
    tb_1_.edited_time,
    tb_1_.type,
    tb_1_.text_content,
    tb_1_.medias,
    tb_1_.ai_session_id
from ai_message tb_1_
where
    tb_1_.ai_session_id = ? /* 2dcfe79ae2134fa2ab7f20028f4a3aa7 */
order by
    tb_1_.created_time asc
JDBC response status: success
Time cost: 3ms
<===Execute SQL
2026-04-03T02:05:53.789+08:00 DEBUG 27796 --- [knowledge-base] [http-nio-9902-exec-6] i.g.q.k.i.config.ResponseInterceptor     : 响应结果：[{"id":"2dcfe79ae2134fa2ab7f20028f4a3aa7","createdTime":"2026-04-03T01:58:51.247247","editedTime":"2026-04-03T01:58:51.247247","name":"新的绘画","messages":[]}]
2026-04-03T02:06:16.035+08:00  INFO 27796 --- [knowledge-base] [http-nio-9902-exec-4] o.b.jimmer.sql.runtime.ExecutorForLog    : Execute SQL===>
Purpose: QUERY
SQL: select
    tb_1_.id,
    tb_1_.created_time,
    tb_1_.edited_time,
    tb_1_.name
from ai_session tb_1_
where
    tb_1_.creator_id = ? /* 29eb9805e0d844868db1128576526ae6 */
JDBC response status: success
Time cost: 2ms
<===Execute SQL
2026-04-03T02:06:16.040+08:00  INFO 27796 --- [knowledge-base] [http-nio-9902-exec-4] o.b.jimmer.sql.runtime.ExecutorForLog    : Execute SQL===>
Purpose: LOAD
SQL: select
    tb_1_.id,
    tb_1_.created_time,
    tb_1_.edited_time,
    tb_1_.type,
    tb_1_.text_content,
    tb_1_.medias,
    tb_1_.ai_session_id
from ai_message tb_1_
where
    tb_1_.ai_session_id = ? /* 2dcfe79ae2134fa2ab7f20028f4a3aa7 */
order by
    tb_1_.created_time asc
JDBC response status: success
Time cost: 3ms
<===Execute SQL
2026-04-03T02:06:16.042+08:00 DEBUG 27796 --- [knowledge-base] [http-nio-9902-exec-4] i.g.q.k.i.config.ResponseInterceptor     : 响应结果：[{"id":"2dcfe79ae2134fa2ab7f20028f4a3aa7","createdTime":"2026-04-03T01:58:51.247247","editedTime":"2026-04-03T01:58:51.247247","name":"新的绘画","messages":[]}]
2026-04-03T02:17:57.976+08:00  INFO 27796 --- [knowledge-base] [http-nio-9902-exec-3] o.b.jimmer.sql.runtime.ExecutorForLog    : Execute SQL===>
Purpose: QUERY
SQL: select
    tb_1_.id,
    tb_1_.created_time,
    tb_1_.edited_time,
    tb_1_.name
from ai_session tb_1_
where
    tb_1_.creator_id = ? /* 29eb9805e0d844868db1128576526ae6 */
JDBC response status: success
Time cost: 5ms
<===Execute SQL
2026-04-03T02:17:57.982+08:00  INFO 27796 --- [knowledge-base] [http-nio-9902-exec-3] o.b.jimmer.sql.runtime.ExecutorForLog    : Execute SQL===>
Purpose: LOAD
SQL: select
    tb_1_.id,
    tb_1_.created_time,
    tb_1_.edited_time,
    tb_1_.type,
    tb_1_.text_content,
    tb_1_.medias,
    tb_1_.ai_session_id
from ai_message tb_1_
where
    tb_1_.ai_session_id = ? /* 2dcfe79ae2134fa2ab7f20028f4a3aa7 */
order by
    tb_1_.created_time asc
JDBC response status: success
Time cost: 3ms
<===Execute SQL
2026-04-03T02:17:57.986+08:00 DEBUG 27796 --- [knowledge-base] [http-nio-9902-exec-3] i.g.q.k.i.config.ResponseInterceptor     : 响应结果：[{"id":"2dcfe79ae2134fa2ab7f20028f4a3aa7","createdTime":"2026-04-03T01:58:51.247247","editedTime":"2026-04-03T01:58:51.247247","name":"新的绘画","messages":[]}]
2026-04-03T02:18:25.981+08:00  INFO 27796 --- [knowledge-base] [boundedElastic-3] o.b.jimmer.sql.runtime.ExecutorForLog    : Execute SQL===>
Purpose: QUERY
SQL: select
    tb_1_.id,
    tb_1_.created_time,
    tb_1_.edited_time,
    tb_1_.editor_id,
    tb_1_.creator_id,
    tb_1_.type,
    tb_1_.text_content,
    tb_1_.medias,
    tb_1_.ai_session_id
from ai_message tb_1_
where
    tb_1_.ai_session_id = ? /* 2dcfe79ae2134fa2ab7f20028f4a3aa7 */
order by
    tb_1_.created_time asc
limit ? /* 0 */, ? /* 10 */
JDBC response status: success
Time cost: 6ms
<===Execute SQL
2026-04-03T02:18:34.892+08:00  INFO 27796 --- [knowledge-base] [http-nio-9902-exec-10] o.b.jimmer.sql.runtime.ExecutorForLog    : Execute SQL===>
Purpose: MUTATE
SQL: insert into ai_message(created_time, edited_time, id, editor_id, creator_id, type, text_content, medias, ai_session_id)
values
    (? /* 2026-04-03 02:18:34.8534011 */, ? /* 2026-04-03 02:18:34.8534011 */, ? /* 05189fa4715b413abc6d02096d32df8d */, ? /* 29eb9805e0d844868db1128576526ae6 */, ? /* 29eb9805e0d844868db1128576526ae6 */, ? /* USER */, ? /* 我想学黄鹤楼这首诗 */, ? /* [] */, ? /* 2dcfe79ae2134fa2ab7f20028f4a3aa7 */)
Affected row count: 1
JDBC response status: success
Time cost: 32ms
<===Execute SQL
2026-04-03T02:18:34.910+08:00  INFO 27796 --- [knowledge-base] [http-nio-9902-exec-1] o.b.jimmer.sql.runtime.ExecutorForLog    : Execute SQL===>
Purpose: MUTATE
SQL: insert into ai_message(created_time, edited_time, id, editor_id, creator_id, type, text_content, medias, ai_session_id)
values
    (? /* 2026-04-03 02:18:34.8534011 */, ? /* 2026-04-03 02:18:34.8534011 */, ? /* dec2e2056fa64046bd084acf906b2890 */, ? /* 29eb9805e0d844868db1128576526ae6 */, ? /* 29eb9805e0d844868db1128576526ae6 */, ? /* ASSISTANT */, ? /* 好的！我们来学崔颢的《黄鹤楼》。先看关键词：“昔人”指传说中乘黄鹤飞升的仙人，“空余”是“只留下”的意思，说明物是人非；“悠悠”形容白云飘荡、时间漫长，让人感到苍茫。  
诗中画面很美：黄鹤楼高... */, ? /* [] */, ? /* 2dcfe79ae2134fa2ab7f20028f4a3aa7 */)
Affected row count: 1
JDBC response status: success
Time cost: 50ms
<===Execute SQL
2026-04-03T02:23:32.882+08:00  INFO 27796 --- [knowledge-base] [http-nio-9902-exec-2] o.b.jimmer.sql.runtime.ExecutorForLog    : Execute SQL===>
Purpose: QUERY
SQL: select
    tb_1_.id,
    tb_1_.created_time,
    tb_1_.edited_time,
    tb_1_.name
from ai_session tb_1_
where
    tb_1_.creator_id = ? /* 29eb9805e0d844868db1128576526ae6 */
JDBC response status: success
Time cost: 6ms
<===Execute SQL
2026-04-03T02:23:32.898+08:00  INFO 27796 --- [knowledge-base] [http-nio-9902-exec-2] o.b.jimmer.sql.runtime.ExecutorForLog    : Execute SQL===>
Purpose: LOAD
SQL: select
    tb_1_.id,
    tb_1_.created_time,
    tb_1_.edited_time,
    tb_1_.type,
    tb_1_.text_content,
    tb_1_.medias,
    tb_1_.ai_session_id
from ai_message tb_1_
where
    tb_1_.ai_session_id = ? /* 2dcfe79ae2134fa2ab7f20028f4a3aa7 */
order by
    tb_1_.created_time asc
JDBC response status: success
Time cost: 15ms
<===Execute SQL
2026-04-03T02:23:32.902+08:00 DEBUG 27796 --- [knowledge-base] [http-nio-9902-exec-2] i.g.q.k.i.config.ResponseInterceptor     : 响应结果：[{"id":"2dcfe79ae2134fa2ab7f20028f4a3aa7","createdTime":"2026-04-03T01:58:51.247247","editedTime":"2026-04-03T01:58:51.247247","name":"新的绘画","messages":[{"id":"05189fa4715b413abc6d02096d32df8d","createdTime":"2026-04-03T02:18:34.853401","editedTime":"2026-04-03T02:18:34.853401","type":"USER","textContent":"我想学黄鹤楼这首诗","medias":[],"sessionId":"2dcfe79ae2134fa2ab7f20028f4a3aa7"},{"id":"dec2e2056fa64046bd084acf906b2890","createdTime":"2026-04-03T02:18:34.853401","editedTime":"2026-04-03T02:18:34.853401","type":"ASSISTANT","textContent":"好的！我们来学崔颢的《黄鹤楼》。先看关键词：“昔人”指传说中乘黄鹤飞升的仙人，“空余”是“只留下”的意思，说明物是人非；“悠悠”形容白云飘荡、时间漫长，让人感到苍茫。  \n诗中画面很美：黄鹤楼高耸，仙人已去，只剩白云千载飘荡；晴川下草木分明，鹦鹉洲上春草萋萋——这是用眼前景反衬心中愁。  \n诗人登楼怀古，表面写楼与云，实际表达对时光流逝、故乡难归的深深怅惘，这种“以景写情”，就像你放假回老家，发现老槐树还在，可爷爷的小院已不在了，心里一下子酸酸的。  \n这首诗常考“空”“悠悠”等字的情感作用，还有尾联“烟波江上使人愁”的抒情方式。  \n?记忆点：黄鹤一去不回头，白云千年空悠悠——“空”字是诗眼，既写天空空荡，更写心里空落落！\n\n依据：  \n- “昔人已乘黄鹤去，此地空余黄鹤楼”（首联）  \n- “黄鹤一去不复返，白云千载空悠悠”（颔联）  \n- “日暮乡关何处是？烟波江上使人愁”（尾联）","medias":[],"sessionId":"2dcfe79ae2134fa2ab7f20028f4a3aa7"}]}]
2026-04-03T02:23:52.211+08:00  INFO 27796 --- [knowledge-base] [http-nio-9902-exec-7] o.b.jimmer.sql.runtime.ExecutorForLog    : Execute SQL===>
Purpose: QUERY
SQL: select
    tb_1_.id,
    tb_1_.created_time,
    tb_1_.edited_time,
    tb_1_.name
from ai_session tb_1_
where
    tb_1_.creator_id = ? /* 29eb9805e0d844868db1128576526ae6 */
JDBC response status: success
Time cost: 3ms
<===Execute SQL
2026-04-03T02:23:52.225+08:00  INFO 27796 --- [knowledge-base] [http-nio-9902-exec-7] o.b.jimmer.sql.runtime.ExecutorForLog    : Execute SQL===>
Purpose: LOAD
SQL: select
    tb_1_.id,
    tb_1_.created_time,
    tb_1_.edited_time,
    tb_1_.type,
    tb_1_.text_content,
    tb_1_.medias,
    tb_1_.ai_session_id
from ai_message tb_1_
where
    tb_1_.ai_session_id = ? /* 2dcfe79ae2134fa2ab7f20028f4a3aa7 */
order by
    tb_1_.created_time asc
JDBC response status: success
Time cost: 5ms
<===Execute SQL
2026-04-03T02:23:52.234+08:00 DEBUG 27796 --- [knowledge-base] [http-nio-9902-exec-7] i.g.q.k.i.config.ResponseInterceptor     : 响应结果：[{"id":"2dcfe79ae2134fa2ab7f20028f4a3aa7","createdTime":"2026-04-03T01:58:51.247247","editedTime":"2026-04-03T01:58:51.247247","name":"新的绘画","messages":[{"id":"05189fa4715b413abc6d02096d32df8d","createdTime":"2026-04-03T02:18:34.853401","editedTime":"2026-04-03T02:18:34.853401","type":"USER","textContent":"我想学黄鹤楼这首诗","medias":[],"sessionId":"2dcfe79ae2134fa2ab7f20028f4a3aa7"},{"id":"dec2e2056fa64046bd084acf906b2890","createdTime":"2026-04-03T02:18:34.853401","editedTime":"2026-04-03T02:18:34.853401","type":"ASSISTANT","textContent":"好的！我们来学崔颢的《黄鹤楼》。先看关键词：“昔人”指传说中乘黄鹤飞升的仙人，“空余”是“只留下”的意思，说明物是人非；“悠悠”形容白云飘荡、时间漫长，让人感到苍茫。  \n诗中画面很美：黄鹤楼高耸，仙人已去，只剩白云千载飘荡；晴川下草木分明，鹦鹉洲上春草萋萋——这是用眼前景反衬心中愁。  \n诗人登楼怀古，表面写楼与云，实际表达对时光流逝、故乡难归的深深怅惘，这种“以景写情”，就像你放假回老家，发现老槐树还在，可爷爷的小院已不在了，心里一下子酸酸的。  \n这首诗常考“空”“悠悠”等字的情感作用，还有尾联“烟波江上使人愁”的抒情方式。  \n?记忆点：黄鹤一去不回头，白云千年空悠悠——“空”字是诗眼，既写天空空荡，更写心里空落落！\n\n依据：  \n- “昔人已乘黄鹤去，此地空余黄鹤楼”（首联）  \n- “黄鹤一去不复返，白云千载空悠悠”（颔联）  \n- “日暮乡关何处是？烟波江上使人愁”（尾联）","medias":[],"sessionId":"2dcfe79ae2134fa2ab7f20028f4a3aa7"}]}]
2026-04-03T02:23:52.566+08:00 ERROR 27796 --- [knowledge-base] [http-nio-9902-exec-6] i.g.q.k.i.config.GlobalExceptionAdvice   : 系统异常

org.springframework.web.servlet.resource.NoResourceFoundException: No static resource exercise-record/user.
	at org.springframework.web.servlet.resource.ResourceHttpRequestHandler.handleRequest(ResourceHttpRequestHandler.java:585) ~[spring-webmvc-6.1.2.jar:6.1.2]
	at org.springframework.web.servlet.mvc.HttpRequestHandlerAdapter.handle(HttpRequestHandlerAdapter.java:52) ~[spring-webmvc-6.1.2.jar:6.1.2]
	at org.springframework.web.servlet.DispatcherServlet.doDispatch(DispatcherServlet.java:1089) ~[spring-webmvc-6.1.2.jar:6.1.2]
	at org.springframework.web.servlet.DispatcherServlet.doService(DispatcherServlet.java:979) ~[spring-webmvc-6.1.2.jar:6.1.2]
	at org.springframework.web.servlet.FrameworkServlet.processRequest(FrameworkServlet.java:1014) ~[spring-webmvc-6.1.2.jar:6.1.2]
	at org.springframework.web.servlet.FrameworkServlet.doGet(FrameworkServlet.java:903) ~[spring-webmvc-6.1.2.jar:6.1.2]
	at jakarta.servlet.http.HttpServlet.service(HttpServlet.java:564) ~[tomcat-embed-core-10.1.17.jar:6.0]
	at org.springframework.web.servlet.FrameworkServlet.service(FrameworkServlet.java:885) ~[spring-webmvc-6.1.2.jar:6.1.2]
	at jakarta.servlet.http.HttpServlet.service(HttpServlet.java:658) ~[tomcat-embed-core-10.1.17.jar:6.0]
	at org.apache.catalina.core.ApplicationFilterChain.internalDoFilter(ApplicationFilterChain.java:205) ~[tomcat-embed-core-10.1.17.jar:10.1.17]
	at org.apache.catalina.core.ApplicationFilterChain.doFilter(ApplicationFilterChain.java:149) ~[tomcat-embed-core-10.1.17.jar:10.1.17]
	at org.apache.tomcat.websocket.server.WsFilter.doFilter(WsFilter.java:51) ~[tomcat-embed-websocket-10.1.17.jar:10.1.17]
	at org.apache.catalina.core.ApplicationFilterChain.internalDoFilter(ApplicationFilterChain.java:174) ~[tomcat-embed-core-10.1.17.jar:10.1.17]
	at org.apache.catalina.core.ApplicationFilterChain.doFilter(ApplicationFilterChain.java:149) ~[tomcat-embed-core-10.1.17.jar:10.1.17]
	at org.springframework.web.filter.RequestContextFilter.doFilterInternal(RequestContextFilter.java:100) ~[spring-web-6.1.2.jar:6.1.2]
	at org.springframework.web.filter.OncePerRequestFilter.doFilter(OncePerRequestFilter.java:116) ~[spring-web-6.1.2.jar:6.1.2]
	at org.apache.catalina.core.ApplicationFilterChain.internalDoFilter(ApplicationFilterChain.java:174) ~[tomcat-embed-core-10.1.17.jar:10.1.17]
	at org.apache.catalina.core.ApplicationFilterChain.doFilter(ApplicationFilterChain.java:149) ~[tomcat-embed-core-10.1.17.jar:10.1.17]
	at cn.dev33.satoken.filter.SaPathCheckFilterForJakartaServlet.doFilter(SaPathCheckFilterForJakartaServlet.java:55) ~[sa-token-spring-boot3-starter-1.37.0.jar:na]
	at org.apache.catalina.core.ApplicationFilterChain.internalDoFilter(ApplicationFilterChain.java:174) ~[tomcat-embed-core-10.1.17.jar:10.1.17]
	at org.apache.catalina.core.ApplicationFilterChain.doFilter(ApplicationFilterChain.java:149) ~[tomcat-embed-core-10.1.17.jar:10.1.17]
	at org.springframework.web.filter.FormContentFilter.doFilterInternal(FormContentFilter.java:93) ~[spring-web-6.1.2.jar:6.1.2]
	at org.springframework.web.filter.OncePerRequestFilter.doFilter(OncePerRequestFilter.java:116) ~[spring-web-6.1.2.jar:6.1.2]
	at org.apache.catalina.core.ApplicationFilterChain.internalDoFilter(ApplicationFilterChain.java:174) ~[tomcat-embed-core-10.1.17.jar:10.1.17]
	at org.apache.catalina.core.ApplicationFilterChain.doFilter(ApplicationFilterChain.java:149) ~[tomcat-embed-core-10.1.17.jar:10.1.17]
	at org.springframework.web.filter.ServerHttpObservationFilter.doFilterInternal(ServerHttpObservationFilter.java:109) ~[spring-web-6.1.2.jar:6.1.2]
	at org.springframework.web.filter.OncePerRequestFilter.doFilter(OncePerRequestFilter.java:116) ~[spring-web-6.1.2.jar:6.1.2]
	at org.apache.catalina.core.ApplicationFilterChain.internalDoFilter(ApplicationFilterChain.java:174) ~[tomcat-embed-core-10.1.17.jar:10.1.17]
	at org.apache.catalina.core.ApplicationFilterChain.doFilter(ApplicationFilterChain.java:149) ~[tomcat-embed-core-10.1.17.jar:10.1.17]
	at org.springframework.web.filter.CharacterEncodingFilter.doFilterInternal(CharacterEncodingFilter.java:201) ~[spring-web-6.1.2.jar:6.1.2]
	at org.springframework.web.filter.OncePerRequestFilter.doFilter(OncePerRequestFilter.java:116) ~[spring-web-6.1.2.jar:6.1.2]
	at org.apache.catalina.core.ApplicationFilterChain.internalDoFilter(ApplicationFilterChain.java:174) ~[tomcat-embed-core-10.1.17.jar:10.1.17]
	at org.apache.catalina.core.ApplicationFilterChain.doFilter(ApplicationFilterChain.java:149) ~[tomcat-embed-core-10.1.17.jar:10.1.17]
	at org.apache.catalina.core.StandardWrapperValve.invoke(StandardWrapperValve.java:167) ~[tomcat-embed-core-10.1.17.jar:10.1.17]
	at org.apache.catalina.core.StandardContextValve.invoke(StandardContextValve.java:90) ~[tomcat-embed-core-10.1.17.jar:10.1.17]
	at org.apache.catalina.authenticator.AuthenticatorBase.invoke(AuthenticatorBase.java:482) ~[tomcat-embed-core-10.1.17.jar:10.1.17]
	at org.apache.catalina.core.StandardHostValve.invoke(StandardHostValve.java:115) ~[tomcat-embed-core-10.1.17.jar:10.1.17]
	at org.apache.catalina.valves.ErrorReportValve.invoke(ErrorReportValve.java:93) ~[tomcat-embed-core-10.1.17.jar:10.1.17]
	at org.apache.catalina.core.StandardEngineValve.invoke(StandardEngineValve.java:74) ~[tomcat-embed-core-10.1.17.jar:10.1.17]
	at org.apache.catalina.connector.CoyoteAdapter.service(CoyoteAdapter.java:340) ~[tomcat-embed-core-10.1.17.jar:10.1.17]
	at org.apache.coyote.http11.Http11Processor.service(Http11Processor.java:391) ~[tomcat-embed-core-10.1.17.jar:10.1.17]
	at org.apache.coyote.AbstractProcessorLight.process(AbstractProcessorLight.java:63) ~[tomcat-embed-core-10.1.17.jar:10.1.17]
	at org.apache.coyote.AbstractProtocol$ConnectionHandler.process(AbstractProtocol.java:896) ~[tomcat-embed-core-10.1.17.jar:10.1.17]
	at org.apache.tomcat.util.net.NioEndpoint$SocketProcessor.doRun(NioEndpoint.java:1744) ~[tomcat-embed-core-10.1.17.jar:10.1.17]
	at org.apache.tomcat.util.net.SocketProcessorBase.run(SocketProcessorBase.java:52) ~[tomcat-embed-core-10.1.17.jar:10.1.17]
	at org.apache.tomcat.util.threads.ThreadPoolExecutor.runWorker(ThreadPoolExecutor.java:1191) ~[tomcat-embed-core-10.1.17.jar:10.1.17]
	at org.apache.tomcat.util.threads.ThreadPoolExecutor$Worker.run(ThreadPoolExecutor.java:659) ~[tomcat-embed-core-10.1.17.jar:10.1.17]
	at org.apache.tomcat.util.threads.TaskThread$WrappingRunnable.run(TaskThread.java:61) ~[tomcat-embed-core-10.1.17.jar:10.1.17]
	at java.base/java.lang.Thread.run(Thread.java:842) ~[na:na]

2026-04-03T02:23:52.566+08:00 ERROR 27796 --- [knowledge-base] [http-nio-9902-exec-5] i.g.q.k.i.config.GlobalExceptionAdvice   : 系统异常

org.springframework.web.servlet.resource.NoResourceFoundException: No static resource exercise-record/user.
	at org.springframework.web.servlet.resource.ResourceHttpRequestHandler.handleRequest(ResourceHttpRequestHandler.java:585) ~[spring-webmvc-6.1.2.jar:6.1.2]
	at org.springframework.web.servlet.mvc.HttpRequestHandlerAdapter.handle(HttpRequestHandlerAdapter.java:52) ~[spring-webmvc-6.1.2.jar:6.1.2]
	at org.springframework.web.servlet.DispatcherServlet.doDispatch(DispatcherServlet.java:1089) ~[spring-webmvc-6.1.2.jar:6.1.2]
	at org.springframework.web.servlet.DispatcherServlet.doService(DispatcherServlet.java:979) ~[spring-webmvc-6.1.2.jar:6.1.2]
	at org.springframework.web.servlet.FrameworkServlet.processRequest(FrameworkServlet.java:1014) ~[spring-webmvc-6.1.2.jar:6.1.2]
	at org.springframework.web.servlet.FrameworkServlet.doGet(FrameworkServlet.java:903) ~[spring-webmvc-6.1.2.jar:6.1.2]
	at jakarta.servlet.http.HttpServlet.service(HttpServlet.java:564) ~[tomcat-embed-core-10.1.17.jar:6.0]
	at org.springframework.web.servlet.FrameworkServlet.service(FrameworkServlet.java:885) ~[spring-webmvc-6.1.2.jar:6.1.2]
	at jakarta.servlet.http.HttpServlet.service(HttpServlet.java:658) ~[tomcat-embed-core-10.1.17.jar:6.0]
	at org.apache.catalina.core.ApplicationFilterChain.internalDoFilter(ApplicationFilterChain.java:205) ~[tomcat-embed-core-10.1.17.jar:10.1.17]
	at org.apache.catalina.core.ApplicationFilterChain.doFilter(ApplicationFilterChain.java:149) ~[tomcat-embed-core-10.1.17.jar:10.1.17]
	at org.apache.tomcat.websocket.server.WsFilter.doFilter(WsFilter.java:51) ~[tomcat-embed-websocket-10.1.17.jar:10.1.17]
	at org.apache.catalina.core.ApplicationFilterChain.internalDoFilter(ApplicationFilterChain.java:174) ~[tomcat-embed-core-10.1.17.jar:10.1.17]
	at org.apache.catalina.core.ApplicationFilterChain.doFilter(ApplicationFilterChain.java:149) ~[tomcat-embed-core-10.1.17.jar:10.1.17]
	at org.springframework.web.filter.RequestContextFilter.doFilterInternal(RequestContextFilter.java:100) ~[spring-web-6.1.2.jar:6.1.2]
	at org.springframework.web.filter.OncePerRequestFilter.doFilter(OncePerRequestFilter.java:116) ~[spring-web-6.1.2.jar:6.1.2]
	at org.apache.catalina.core.ApplicationFilterChain.internalDoFilter(ApplicationFilterChain.java:174) ~[tomcat-embed-core-10.1.17.jar:10.1.17]
	at org.apache.catalina.core.ApplicationFilterChain.doFilter(ApplicationFilterChain.java:149) ~[tomcat-embed-core-10.1.17.jar:10.1.17]
	at cn.dev33.satoken.filter.SaPathCheckFilterForJakartaServlet.doFilter(SaPathCheckFilterForJakartaServlet.java:55) ~[sa-token-spring-boot3-starter-1.37.0.jar:na]
	at org.apache.catalina.core.ApplicationFilterChain.internalDoFilter(ApplicationFilterChain.java:174) ~[tomcat-embed-core-10.1.17.jar:10.1.17]
	at org.apache.catalina.core.ApplicationFilterChain.doFilter(ApplicationFilterChain.java:149) ~[tomcat-embed-core-10.1.17.jar:10.1.17]
	at org.springframework.web.filter.FormContentFilter.doFilterInternal(FormContentFilter.java:93) ~[spring-web-6.1.2.jar:6.1.2]
	at org.springframework.web.filter.OncePerRequestFilter.doFilter(OncePerRequestFilter.java:116) ~[spring-web-6.1.2.jar:6.1.2]
	at org.apache.catalina.core.ApplicationFilterChain.internalDoFilter(ApplicationFilterChain.java:174) ~[tomcat-embed-core-10.1.17.jar:10.1.17]
	at org.apache.catalina.core.ApplicationFilterChain.doFilter(ApplicationFilterChain.java:149) ~[tomcat-embed-core-10.1.17.jar:10.1.17]
	at org.springframework.web.filter.ServerHttpObservationFilter.doFilterInternal(ServerHttpObservationFilter.java:109) ~[spring-web-6.1.2.jar:6.1.2]
	at org.springframework.web.filter.OncePerRequestFilter.doFilter(OncePerRequestFilter.java:116) ~[spring-web-6.1.2.jar:6.1.2]
	at org.apache.catalina.core.ApplicationFilterChain.internalDoFilter(ApplicationFilterChain.java:174) ~[tomcat-embed-core-10.1.17.jar:10.1.17]
	at org.apache.catalina.core.ApplicationFilterChain.doFilter(ApplicationFilterChain.java:149) ~[tomcat-embed-core-10.1.17.jar:10.1.17]
	at org.springframework.web.filter.CharacterEncodingFilter.doFilterInternal(CharacterEncodingFilter.java:201) ~[spring-web-6.1.2.jar:6.1.2]
	at org.springframework.web.filter.OncePerRequestFilter.doFilter(OncePerRequestFilter.java:116) ~[spring-web-6.1.2.jar:6.1.2]
	at org.apache.catalina.core.ApplicationFilterChain.internalDoFilter(ApplicationFilterChain.java:174) ~[tomcat-embed-core-10.1.17.jar:10.1.17]
	at org.apache.catalina.core.ApplicationFilterChain.doFilter(ApplicationFilterChain.java:149) ~[tomcat-embed-core-10.1.17.jar:10.1.17]
	at org.apache.catalina.core.StandardWrapperValve.invoke(StandardWrapperValve.java:167) ~[tomcat-embed-core-10.1.17.jar:10.1.17]
	at org.apache.catalina.core.StandardContextValve.invoke(StandardContextValve.java:90) ~[tomcat-embed-core-10.1.17.jar:10.1.17]
	at org.apache.catalina.authenticator.AuthenticatorBase.invoke(AuthenticatorBase.java:482) ~[tomcat-embed-core-10.1.17.jar:10.1.17]
	at org.apache.catalina.core.StandardHostValve.invoke(StandardHostValve.java:115) ~[tomcat-embed-core-10.1.17.jar:10.1.17]
	at org.apache.catalina.valves.ErrorReportValve.invoke(ErrorReportValve.java:93) ~[tomcat-embed-core-10.1.17.jar:10.1.17]
	at org.apache.catalina.core.StandardEngineValve.invoke(StandardEngineValve.java:74) ~[tomcat-embed-core-10.1.17.jar:10.1.17]
	at org.apache.catalina.connector.CoyoteAdapter.service(CoyoteAdapter.java:340) ~[tomcat-embed-core-10.1.17.jar:10.1.17]
	at org.apache.coyote.http11.Http11Processor.service(Http11Processor.java:391) ~[tomcat-embed-core-10.1.17.jar:10.1.17]
	at org.apache.coyote.AbstractProcessorLight.process(AbstractProcessorLight.java:63) ~[tomcat-embed-core-10.1.17.jar:10.1.17]
	at org.apache.coyote.AbstractProtocol$ConnectionHandler.process(AbstractProtocol.java:896) ~[tomcat-embed-core-10.1.17.jar:10.1.17]
	at org.apache.tomcat.util.net.NioEndpoint$SocketProcessor.doRun(NioEndpoint.java:1744) ~[tomcat-embed-core-10.1.17.jar:10.1.17]
	at org.apache.tomcat.util.net.SocketProcessorBase.run(SocketProcessorBase.java:52) ~[tomcat-embed-core-10.1.17.jar:10.1.17]
	at org.apache.tomcat.util.threads.ThreadPoolExecutor.runWorker(ThreadPoolExecutor.java:1191) ~[tomcat-embed-core-10.1.17.jar:10.1.17]
	at org.apache.tomcat.util.threads.ThreadPoolExecutor$Worker.run(ThreadPoolExecutor.java:659) ~[tomcat-embed-core-10.1.17.jar:10.1.17]
	at org.apache.tomcat.util.threads.TaskThread$WrappingRunnable.run(TaskThread.java:61) ~[tomcat-embed-core-10.1.17.jar:10.1.17]
	at java.base/java.lang.Thread.run(Thread.java:842) ~[na:na]

2026-04-03T02:24:19.463+08:00  INFO 27796 --- [knowledge-base] [http-nio-9902-exec-4] o.b.jimmer.sql.runtime.ExecutorForLog    : Execute SQL===>
Purpose: QUERY
SQL: select
    tb_1_.id,
    tb_1_.created_time,
    tb_1_.edited_time,
    tb_1_.name
from ai_session tb_1_
where
    tb_1_.creator_id = ? /* 29eb9805e0d844868db1128576526ae6 */
JDBC response status: success
Time cost: 2ms
<===Execute SQL
2026-04-03T02:24:19.470+08:00  INFO 27796 --- [knowledge-base] [http-nio-9902-exec-4] o.b.jimmer.sql.runtime.ExecutorForLog    : Execute SQL===>
Purpose: LOAD
SQL: select
    tb_1_.id,
    tb_1_.created_time,
    tb_1_.edited_time,
    tb_1_.type,
    tb_1_.text_content,
    tb_1_.medias,
    tb_1_.ai_session_id
from ai_message tb_1_
where
    tb_1_.ai_session_id = ? /* 2dcfe79ae2134fa2ab7f20028f4a3aa7 */
order by
    tb_1_.created_time asc
JDBC response status: success
Time cost: 5ms
<===Execute SQL
2026-04-03T02:24:19.472+08:00 DEBUG 27796 --- [knowledge-base] [http-nio-9902-exec-4] i.g.q.k.i.config.ResponseInterceptor     : 响应结果：[{"id":"2dcfe79ae2134fa2ab7f20028f4a3aa7","createdTime":"2026-04-03T01:58:51.247247","editedTime":"2026-04-03T01:58:51.247247","name":"新的绘画","messages":[{"id":"05189fa4715b413abc6d02096d32df8d","createdTime":"2026-04-03T02:18:34.853401","editedTime":"2026-04-03T02:18:34.853401","type":"USER","textContent":"我想学黄鹤楼这首诗","medias":[],"sessionId":"2dcfe79ae2134fa2ab7f20028f4a3aa7"},{"id":"dec2e2056fa64046bd084acf906b2890","createdTime":"2026-04-03T02:18:34.853401","editedTime":"2026-04-03T02:18:34.853401","type":"ASSISTANT","textContent":"好的！我们来学崔颢的《黄鹤楼》。先看关键词：“昔人”指传说中乘黄鹤飞升的仙人，“空余”是“只留下”的意思，说明物是人非；“悠悠”形容白云飘荡、时间漫长，让人感到苍茫。  \n诗中画面很美：黄鹤楼高耸，仙人已去，只剩白云千载飘荡；晴川下草木分明，鹦鹉洲上春草萋萋——这是用眼前景反衬心中愁。  \n诗人登楼怀古，表面写楼与云，实际表达对时光流逝、故乡难归的深深怅惘，这种“以景写情”，就像你放假回老家，发现老槐树还在，可爷爷的小院已不在了，心里一下子酸酸的。  \n这首诗常考“空”“悠悠”等字的情感作用，还有尾联“烟波江上使人愁”的抒情方式。  \n?记忆点：黄鹤一去不回头，白云千年空悠悠——“空”字是诗眼，既写天空空荡，更写心里空落落！\n\n依据：  \n- “昔人已乘黄鹤去，此地空余黄鹤楼”（首联）  \n- “黄鹤一去不复返，白云千载空悠悠”（颔联）  \n- “日暮乡关何处是？烟波江上使人愁”（尾联）","medias":[],"sessionId":"2dcfe79ae2134fa2ab7f20028f4a3aa7"}]}]
2026-04-03T02:24:19.699+08:00 ERROR 27796 --- [knowledge-base] [http-nio-9902-exec-3] i.g.q.k.i.config.GlobalExceptionAdvice   : 系统异常

org.springframework.web.servlet.resource.NoResourceFoundException: No static resource exercise-record/user.
	at org.springframework.web.servlet.resource.ResourceHttpRequestHandler.handleRequest(ResourceHttpRequestHandler.java:585) ~[spring-webmvc-6.1.2.jar:6.1.2]
	at org.springframework.web.servlet.mvc.HttpRequestHandlerAdapter.handle(HttpRequestHandlerAdapter.java:52) ~[spring-webmvc-6.1.2.jar:6.1.2]
	at org.springframework.web.servlet.DispatcherServlet.doDispatch(DispatcherServlet.java:1089) ~[spring-webmvc-6.1.2.jar:6.1.2]
	at org.springframework.web.servlet.DispatcherServlet.doService(DispatcherServlet.java:979) ~[spring-webmvc-6.1.2.jar:6.1.2]
	at org.springframework.web.servlet.FrameworkServlet.processRequest(FrameworkServlet.java:1014) ~[spring-webmvc-6.1.2.jar:6.1.2]
	at org.springframework.web.servlet.FrameworkServlet.doGet(FrameworkServlet.java:903) ~[spring-webmvc-6.1.2.jar:6.1.2]
	at jakarta.servlet.http.HttpServlet.service(HttpServlet.java:564) ~[tomcat-embed-core-10.1.17.jar:6.0]
	at org.springframework.web.servlet.FrameworkServlet.service(FrameworkServlet.java:885) ~[spring-webmvc-6.1.2.jar:6.1.2]
	at jakarta.servlet.http.HttpServlet.service(HttpServlet.java:658) ~[tomcat-embed-core-10.1.17.jar:6.0]
	at org.apache.catalina.core.ApplicationFilterChain.internalDoFilter(ApplicationFilterChain.java:205) ~[tomcat-embed-core-10.1.17.jar:10.1.17]
	at org.apache.catalina.core.ApplicationFilterChain.doFilter(ApplicationFilterChain.java:149) ~[tomcat-embed-core-10.1.17.jar:10.1.17]
	at org.apache.tomcat.websocket.server.WsFilter.doFilter(WsFilter.java:51) ~[tomcat-embed-websocket-10.1.17.jar:10.1.17]
	at org.apache.catalina.core.ApplicationFilterChain.internalDoFilter(ApplicationFilterChain.java:174) ~[tomcat-embed-core-10.1.17.jar:10.1.17]
	at org.apache.catalina.core.ApplicationFilterChain.doFilter(ApplicationFilterChain.java:149) ~[tomcat-embed-core-10.1.17.jar:10.1.17]
	at org.springframework.web.filter.RequestContextFilter.doFilterInternal(RequestContextFilter.java:100) ~[spring-web-6.1.2.jar:6.1.2]
	at org.springframework.web.filter.OncePerRequestFilter.doFilter(OncePerRequestFilter.java:116) ~[spring-web-6.1.2.jar:6.1.2]
	at org.apache.catalina.core.ApplicationFilterChain.internalDoFilter(ApplicationFilterChain.java:174) ~[tomcat-embed-core-10.1.17.jar:10.1.17]
	at org.apache.catalina.core.ApplicationFilterChain.doFilter(ApplicationFilterChain.java:149) ~[tomcat-embed-core-10.1.17.jar:10.1.17]
	at cn.dev33.satoken.filter.SaPathCheckFilterForJakartaServlet.doFilter(SaPathCheckFilterForJakartaServlet.java:55) ~[sa-token-spring-boot3-starter-1.37.0.jar:na]
	at org.apache.catalina.core.ApplicationFilterChain.internalDoFilter(ApplicationFilterChain.java:174) ~[tomcat-embed-core-10.1.17.jar:10.1.17]
	at org.apache.catalina.core.ApplicationFilterChain.doFilter(ApplicationFilterChain.java:149) ~[tomcat-embed-core-10.1.17.jar:10.1.17]
	at org.springframework.web.filter.FormContentFilter.doFilterInternal(FormContentFilter.java:93) ~[spring-web-6.1.2.jar:6.1.2]
	at org.springframework.web.filter.OncePerRequestFilter.doFilter(OncePerRequestFilter.java:116) ~[spring-web-6.1.2.jar:6.1.2]
	at org.apache.catalina.core.ApplicationFilterChain.internalDoFilter(ApplicationFilterChain.java:174) ~[tomcat-embed-core-10.1.17.jar:10.1.17]
	at org.apache.catalina.core.ApplicationFilterChain.doFilter(ApplicationFilterChain.java:149) ~[tomcat-embed-core-10.1.17.jar:10.1.17]
	at org.springframework.web.filter.ServerHttpObservationFilter.doFilterInternal(ServerHttpObservationFilter.java:109) ~[spring-web-6.1.2.jar:6.1.2]
	at org.springframework.web.filter.OncePerRequestFilter.doFilter(OncePerRequestFilter.java:116) ~[spring-web-6.1.2.jar:6.1.2]
	at org.apache.catalina.core.ApplicationFilterChain.internalDoFilter(ApplicationFilterChain.java:174) ~[tomcat-embed-core-10.1.17.jar:10.1.17]
	at org.apache.catalina.core.ApplicationFilterChain.doFilter(ApplicationFilterChain.java:149) ~[tomcat-embed-core-10.1.17.jar:10.1.17]
	at org.springframework.web.filter.CharacterEncodingFilter.doFilterInternal(CharacterEncodingFilter.java:201) ~[spring-web-6.1.2.jar:6.1.2]
	at org.springframework.web.filter.OncePerRequestFilter.doFilter(OncePerRequestFilter.java:116) ~[spring-web-6.1.2.jar:6.1.2]
	at org.apache.catalina.core.ApplicationFilterChain.internalDoFilter(ApplicationFilterChain.java:174) ~[tomcat-embed-core-10.1.17.jar:10.1.17]
	at org.apache.catalina.core.ApplicationFilterChain.doFilter(ApplicationFilterChain.java:149) ~[tomcat-embed-core-10.1.17.jar:10.1.17]
	at org.apache.catalina.core.StandardWrapperValve.invoke(StandardWrapperValve.java:167) ~[tomcat-embed-core-10.1.17.jar:10.1.17]
	at org.apache.catalina.core.StandardContextValve.invoke(StandardContextValve.java:90) ~[tomcat-embed-core-10.1.17.jar:10.1.17]
	at org.apache.catalina.authenticator.AuthenticatorBase.invoke(AuthenticatorBase.java:482) ~[tomcat-embed-core-10.1.17.jar:10.1.17]
	at org.apache.catalina.core.StandardHostValve.invoke(StandardHostValve.java:115) ~[tomcat-embed-core-10.1.17.jar:10.1.17]
	at org.apache.catalina.valves.ErrorReportValve.invoke(ErrorReportValve.java:93) ~[tomcat-embed-core-10.1.17.jar:10.1.17]
	at org.apache.catalina.core.StandardEngineValve.invoke(StandardEngineValve.java:74) ~[tomcat-embed-core-10.1.17.jar:10.1.17]
	at org.apache.catalina.connector.CoyoteAdapter.service(CoyoteAdapter.java:340) ~[tomcat-embed-core-10.1.17.jar:10.1.17]
	at org.apache.coyote.http11.Http11Processor.service(Http11Processor.java:391) ~[tomcat-embed-core-10.1.17.jar:10.1.17]
	at org.apache.coyote.AbstractProcessorLight.process(AbstractProcessorLight.java:63) ~[tomcat-embed-core-10.1.17.jar:10.1.17]
	at org.apache.coyote.AbstractProtocol$ConnectionHandler.process(AbstractProtocol.java:896) ~[tomcat-embed-core-10.1.17.jar:10.1.17]
	at org.apache.tomcat.util.net.NioEndpoint$SocketProcessor.doRun(NioEndpoint.java:1744) ~[tomcat-embed-core-10.1.17.jar:10.1.17]
	at org.apache.tomcat.util.net.SocketProcessorBase.run(SocketProcessorBase.java:52) ~[tomcat-embed-core-10.1.17.jar:10.1.17]
	at org.apache.tomcat.util.threads.ThreadPoolExecutor.runWorker(ThreadPoolExecutor.java:1191) ~[tomcat-embed-core-10.1.17.jar:10.1.17]
	at org.apache.tomcat.util.threads.ThreadPoolExecutor$Worker.run(ThreadPoolExecutor.java:659) ~[tomcat-embed-core-10.1.17.jar:10.1.17]
	at org.apache.tomcat.util.threads.TaskThread$WrappingRunnable.run(TaskThread.java:61) ~[tomcat-embed-core-10.1.17.jar:10.1.17]
	at java.base/java.lang.Thread.run(Thread.java:842) ~[na:na]

2026-04-03T02:24:19.700+08:00 ERROR 27796 --- [knowledge-base] [http-nio-9902-exec-9] i.g.q.k.i.config.GlobalExceptionAdvice   : 系统异常

org.springframework.web.servlet.resource.NoResourceFoundException: No static resource exercise-record/user.
	at org.springframework.web.servlet.resource.ResourceHttpRequestHandler.handleRequest(ResourceHttpRequestHandler.java:585) ~[spring-webmvc-6.1.2.jar:6.1.2]
	at org.springframework.web.servlet.mvc.HttpRequestHandlerAdapter.handle(HttpRequestHandlerAdapter.java:52) ~[spring-webmvc-6.1.2.jar:6.1.2]
	at org.springframework.web.servlet.DispatcherServlet.doDispatch(DispatcherServlet.java:1089) ~[spring-webmvc-6.1.2.jar:6.1.2]
	at org.springframework.web.servlet.DispatcherServlet.doService(DispatcherServlet.java:979) ~[spring-webmvc-6.1.2.jar:6.1.2]
	at org.springframework.web.servlet.FrameworkServlet.processRequest(FrameworkServlet.java:1014) ~[spring-webmvc-6.1.2.jar:6.1.2]
	at org.springframework.web.servlet.FrameworkServlet.doGet(FrameworkServlet.java:903) ~[spring-webmvc-6.1.2.jar:6.1.2]
	at jakarta.servlet.http.HttpServlet.service(HttpServlet.java:564) ~[tomcat-embed-core-10.1.17.jar:6.0]
	at org.springframework.web.servlet.FrameworkServlet.service(FrameworkServlet.java:885) ~[spring-webmvc-6.1.2.jar:6.1.2]
	at jakarta.servlet.http.HttpServlet.service(HttpServlet.java:658) ~[tomcat-embed-core-10.1.17.jar:6.0]
	at org.apache.catalina.core.ApplicationFilterChain.internalDoFilter(ApplicationFilterChain.java:205) ~[tomcat-embed-core-10.1.17.jar:10.1.17]
	at org.apache.catalina.core.ApplicationFilterChain.doFilter(ApplicationFilterChain.java:149) ~[tomcat-embed-core-10.1.17.jar:10.1.17]
	at org.apache.tomcat.websocket.server.WsFilter.doFilter(WsFilter.java:51) ~[tomcat-embed-websocket-10.1.17.jar:10.1.17]
	at org.apache.catalina.core.ApplicationFilterChain.internalDoFilter(ApplicationFilterChain.java:174) ~[tomcat-embed-core-10.1.17.jar:10.1.17]
	at org.apache.catalina.core.ApplicationFilterChain.doFilter(ApplicationFilterChain.java:149) ~[tomcat-embed-core-10.1.17.jar:10.1.17]
	at org.springframework.web.filter.RequestContextFilter.doFilterInternal(RequestContextFilter.java:100) ~[spring-web-6.1.2.jar:6.1.2]
	at org.springframework.web.filter.OncePerRequestFilter.doFilter(OncePerRequestFilter.java:116) ~[spring-web-6.1.2.jar:6.1.2]
	at org.apache.catalina.core.ApplicationFilterChain.internalDoFilter(ApplicationFilterChain.java:174) ~[tomcat-embed-core-10.1.17.jar:10.1.17]
	at org.apache.catalina.core.ApplicationFilterChain.doFilter(ApplicationFilterChain.java:149) ~[tomcat-embed-core-10.1.17.jar:10.1.17]
	at cn.dev33.satoken.filter.SaPathCheckFilterForJakartaServlet.doFilter(SaPathCheckFilterForJakartaServlet.java:55) ~[sa-token-spring-boot3-starter-1.37.0.jar:na]
	at org.apache.catalina.core.ApplicationFilterChain.internalDoFilter(ApplicationFilterChain.java:174) ~[tomcat-embed-core-10.1.17.jar:10.1.17]
	at org.apache.catalina.core.ApplicationFilterChain.doFilter(ApplicationFilterChain.java:149) ~[tomcat-embed-core-10.1.17.jar:10.1.17]
	at org.springframework.web.filter.FormContentFilter.doFilterInternal(FormContentFilter.java:93) ~[spring-web-6.1.2.jar:6.1.2]
	at org.springframework.web.filter.OncePerRequestFilter.doFilter(OncePerRequestFilter.java:116) ~[spring-web-6.1.2.jar:6.1.2]
	at org.apache.catalina.core.ApplicationFilterChain.internalDoFilter(ApplicationFilterChain.java:174) ~[tomcat-embed-core-10.1.17.jar:10.1.17]
	at org.apache.catalina.core.ApplicationFilterChain.doFilter(ApplicationFilterChain.java:149) ~[tomcat-embed-core-10.1.17.jar:10.1.17]
	at org.springframework.web.filter.ServerHttpObservationFilter.doFilterInternal(ServerHttpObservationFilter.java:109) ~[spring-web-6.1.2.jar:6.1.2]
	at org.springframework.web.filter.OncePerRequestFilter.doFilter(OncePerRequestFilter.java:116) ~[spring-web-6.1.2.jar:6.1.2]
	at org.apache.catalina.core.ApplicationFilterChain.internalDoFilter(ApplicationFilterChain.java:174) ~[tomcat-embed-core-10.1.17.jar:10.1.17]
	at org.apache.catalina.core.ApplicationFilterChain.doFilter(ApplicationFilterChain.java:149) ~[tomcat-embed-core-10.1.17.jar:10.1.17]
	at org.springframework.web.filter.CharacterEncodingFilter.doFilterInternal(CharacterEncodingFilter.java:201) ~[spring-web-6.1.2.jar:6.1.2]
	at org.springframework.web.filter.OncePerRequestFilter.doFilter(OncePerRequestFilter.java:116) ~[spring-web-6.1.2.jar:6.1.2]
	at org.apache.catalina.core.ApplicationFilterChain.internalDoFilter(ApplicationFilterChain.java:174) ~[tomcat-embed-core-10.1.17.jar:10.1.17]
	at org.apache.catalina.core.ApplicationFilterChain.doFilter(ApplicationFilterChain.java:149) ~[tomcat-embed-core-10.1.17.jar:10.1.17]
	at org.apache.catalina.core.StandardWrapperValve.invoke(StandardWrapperValve.java:167) ~[tomcat-embed-core-10.1.17.jar:10.1.17]
	at org.apache.catalina.core.StandardContextValve.invoke(StandardContextValve.java:90) ~[tomcat-embed-core-10.1.17.jar:10.1.17]
	at org.apache.catalina.authenticator.AuthenticatorBase.invoke(AuthenticatorBase.java:482) ~[tomcat-embed-core-10.1.17.jar:10.1.17]
	at org.apache.catalina.core.StandardHostValve.invoke(StandardHostValve.java:115) ~[tomcat-embed-core-10.1.17.jar:10.1.17]
	at org.apache.catalina.valves.ErrorReportValve.invoke(ErrorReportValve.java:93) ~[tomcat-embed-core-10.1.17.jar:10.1.17]
	at org.apache.catalina.core.StandardEngineValve.invoke(StandardEngineValve.java:74) ~[tomcat-embed-core-10.1.17.jar:10.1.17]
	at org.apache.catalina.connector.CoyoteAdapter.service(CoyoteAdapter.java:340) ~[tomcat-embed-core-10.1.17.jar:10.1.17]
	at org.apache.coyote.http11.Http11Processor.service(Http11Processor.java:391) ~[tomcat-embed-core-10.1.17.jar:10.1.17]
	at org.apache.coyote.AbstractProcessorLight.process(AbstractProcessorLight.java:63) ~[tomcat-embed-core-10.1.17.jar:10.1.17]
	at org.apache.coyote.AbstractProtocol$ConnectionHandler.process(AbstractProtocol.java:896) ~[tomcat-embed-core-10.1.17.jar:10.1.17]
	at org.apache.tomcat.util.net.NioEndpoint$SocketProcessor.doRun(NioEndpoint.java:1744) ~[tomcat-embed-core-10.1.17.jar:10.1.17]
	at org.apache.tomcat.util.net.SocketProcessorBase.run(SocketProcessorBase.java:52) ~[tomcat-embed-core-10.1.17.jar:10.1.17]
	at org.apache.tomcat.util.threads.ThreadPoolExecutor.runWorker(ThreadPoolExecutor.java:1191) ~[tomcat-embed-core-10.1.17.jar:10.1.17]
	at org.apache.tomcat.util.threads.ThreadPoolExecutor$Worker.run(ThreadPoolExecutor.java:659) ~[tomcat-embed-core-10.1.17.jar:10.1.17]
	at org.apache.tomcat.util.threads.TaskThread$WrappingRunnable.run(TaskThread.java:61) ~[tomcat-embed-core-10.1.17.jar:10.1.17]
	at java.base/java.lang.Thread.run(Thread.java:842) ~[na:na]

2026-04-03T02:41:39.555+08:00  INFO 27796 --- [knowledge-base] [http-nio-9902-exec-8] o.b.jimmer.sql.runtime.ExecutorForLog    : Execute SQL===>
Purpose: QUERY
SQL: select
    tb_1_.id,
    tb_1_.created_time,
    tb_1_.edited_time,
    tb_1_.name
from ai_session tb_1_
where
    tb_1_.creator_id = ? /* 29eb9805e0d844868db1128576526ae6 */
JDBC response status: success
Time cost: 5ms
<===Execute SQL
2026-04-03T02:41:39.581+08:00  INFO 27796 --- [knowledge-base] [http-nio-9902-exec-8] o.b.jimmer.sql.runtime.ExecutorForLog    : Execute SQL===>
Purpose: LOAD
SQL: select
    tb_1_.id,
    tb_1_.created_time,
    tb_1_.edited_time,
    tb_1_.type,
    tb_1_.text_content,
    tb_1_.medias,
    tb_1_.ai_session_id
from ai_message tb_1_
where
    tb_1_.ai_session_id = ? /* 2dcfe79ae2134fa2ab7f20028f4a3aa7 */
order by
    tb_1_.created_time asc
JDBC response status: success
Time cost: 13ms
<===Execute SQL
2026-04-03T02:41:39.588+08:00 DEBUG 27796 --- [knowledge-base] [http-nio-9902-exec-8] i.g.q.k.i.config.ResponseInterceptor     : 响应结果：[{"id":"2dcfe79ae2134fa2ab7f20028f4a3aa7","createdTime":"2026-04-03T01:58:51.247247","editedTime":"2026-04-03T01:58:51.247247","name":"新的绘画","messages":[{"id":"05189fa4715b413abc6d02096d32df8d","createdTime":"2026-04-03T02:18:34.853401","editedTime":"2026-04-03T02:18:34.853401","type":"USER","textContent":"我想学黄鹤楼这首诗","medias":[],"sessionId":"2dcfe79ae2134fa2ab7f20028f4a3aa7"},{"id":"dec2e2056fa64046bd084acf906b2890","createdTime":"2026-04-03T02:18:34.853401","editedTime":"2026-04-03T02:18:34.853401","type":"ASSISTANT","textContent":"好的！我们来学崔颢的《黄鹤楼》。先看关键词：“昔人”指传说中乘黄鹤飞升的仙人，“空余”是“只留下”的意思，说明物是人非；“悠悠”形容白云飘荡、时间漫长，让人感到苍茫。  \n诗中画面很美：黄鹤楼高耸，仙人已去，只剩白云千载飘荡；晴川下草木分明，鹦鹉洲上春草萋萋——这是用眼前景反衬心中愁。  \n诗人登楼怀古，表面写楼与云，实际表达对时光流逝、故乡难归的深深怅惘，这种“以景写情”，就像你放假回老家，发现老槐树还在，可爷爷的小院已不在了，心里一下子酸酸的。  \n这首诗常考“空”“悠悠”等字的情感作用，还有尾联“烟波江上使人愁”的抒情方式。  \n?记忆点：黄鹤一去不回头，白云千年空悠悠——“空”字是诗眼，既写天空空荡，更写心里空落落！\n\n依据：  \n- “昔人已乘黄鹤去，此地空余黄鹤楼”（首联）  \n- “黄鹤一去不复返，白云千载空悠悠”（颔联）  \n- “日暮乡关何处是？烟波江上使人愁”（尾联）","medias":[],"sessionId":"2dcfe79ae2134fa2ab7f20028f4a3aa7"}]}]
2026-04-03T02:41:40.835+08:00 ERROR 27796 --- [knowledge-base] [http-nio-9902-exec-10] i.g.q.k.i.config.GlobalExceptionAdvice   : 系统异常

org.springframework.web.servlet.resource.NoResourceFoundException: No static resource exercise-record/user.
	at org.springframework.web.servlet.resource.ResourceHttpRequestHandler.handleRequest(ResourceHttpRequestHandler.java:585) ~[spring-webmvc-6.1.2.jar:6.1.2]
	at org.springframework.web.servlet.mvc.HttpRequestHandlerAdapter.handle(HttpRequestHandlerAdapter.java:52) ~[spring-webmvc-6.1.2.jar:6.1.2]
	at org.springframework.web.servlet.DispatcherServlet.doDispatch(DispatcherServlet.java:1089) ~[spring-webmvc-6.1.2.jar:6.1.2]
	at org.springframework.web.servlet.DispatcherServlet.doService(DispatcherServlet.java:979) ~[spring-webmvc-6.1.2.jar:6.1.2]
	at org.springframework.web.servlet.FrameworkServlet.processRequest(FrameworkServlet.java:1014) ~[spring-webmvc-6.1.2.jar:6.1.2]
	at org.springframework.web.servlet.FrameworkServlet.doGet(FrameworkServlet.java:903) ~[spring-webmvc-6.1.2.jar:6.1.2]
	at jakarta.servlet.http.HttpServlet.service(HttpServlet.java:564) ~[tomcat-embed-core-10.1.17.jar:6.0]
	at org.springframework.web.servlet.FrameworkServlet.service(FrameworkServlet.java:885) ~[spring-webmvc-6.1.2.jar:6.1.2]
	at jakarta.servlet.http.HttpServlet.service(HttpServlet.java:658) ~[tomcat-embed-core-10.1.17.jar:6.0]
	at org.apache.catalina.core.ApplicationFilterChain.internalDoFilter(ApplicationFilterChain.java:205) ~[tomcat-embed-core-10.1.17.jar:10.1.17]
	at org.apache.catalina.core.ApplicationFilterChain.doFilter(ApplicationFilterChain.java:149) ~[tomcat-embed-core-10.1.17.jar:10.1.17]
	at org.apache.tomcat.websocket.server.WsFilter.doFilter(WsFilter.java:51) ~[tomcat-embed-websocket-10.1.17.jar:10.1.17]
	at org.apache.catalina.core.ApplicationFilterChain.internalDoFilter(ApplicationFilterChain.java:174) ~[tomcat-embed-core-10.1.17.jar:10.1.17]
	at org.apache.catalina.core.ApplicationFilterChain.doFilter(ApplicationFilterChain.java:149) ~[tomcat-embed-core-10.1.17.jar:10.1.17]
	at org.springframework.web.filter.RequestContextFilter.doFilterInternal(RequestContextFilter.java:100) ~[spring-web-6.1.2.jar:6.1.2]
	at org.springframework.web.filter.OncePerRequestFilter.doFilter(OncePerRequestFilter.java:116) ~[spring-web-6.1.2.jar:6.1.2]
	at org.apache.catalina.core.ApplicationFilterChain.internalDoFilter(ApplicationFilterChain.java:174) ~[tomcat-embed-core-10.1.17.jar:10.1.17]
	at org.apache.catalina.core.ApplicationFilterChain.doFilter(ApplicationFilterChain.java:149) ~[tomcat-embed-core-10.1.17.jar:10.1.17]
	at cn.dev33.satoken.filter.SaPathCheckFilterForJakartaServlet.doFilter(SaPathCheckFilterForJakartaServlet.java:55) ~[sa-token-spring-boot3-starter-1.37.0.jar:na]
	at org.apache.catalina.core.ApplicationFilterChain.internalDoFilter(ApplicationFilterChain.java:174) ~[tomcat-embed-core-10.1.17.jar:10.1.17]
	at org.apache.catalina.core.ApplicationFilterChain.doFilter(ApplicationFilterChain.java:149) ~[tomcat-embed-core-10.1.17.jar:10.1.17]
	at org.springframework.web.filter.FormContentFilter.doFilterInternal(FormContentFilter.java:93) ~[spring-web-6.1.2.jar:6.1.2]
	at org.springframework.web.filter.OncePerRequestFilter.doFilter(OncePerRequestFilter.java:116) ~[spring-web-6.1.2.jar:6.1.2]
	at org.apache.catalina.core.ApplicationFilterChain.internalDoFilter(ApplicationFilterChain.java:174) ~[tomcat-embed-core-10.1.17.jar:10.1.17]
	at org.apache.catalina.core.ApplicationFilterChain.doFilter(ApplicationFilterChain.java:149) ~[tomcat-embed-core-10.1.17.jar:10.1.17]
	at org.springframework.web.filter.ServerHttpObservationFilter.doFilterInternal(ServerHttpObservationFilter.java:109) ~[spring-web-6.1.2.jar:6.1.2]
	at org.springframework.web.filter.OncePerRequestFilter.doFilter(OncePerRequestFilter.java:116) ~[spring-web-6.1.2.jar:6.1.2]
	at org.apache.catalina.core.ApplicationFilterChain.internalDoFilter(ApplicationFilterChain.java:174) ~[tomcat-embed-core-10.1.17.jar:10.1.17]
	at org.apache.catalina.core.ApplicationFilterChain.doFilter(ApplicationFilterChain.java:149) ~[tomcat-embed-core-10.1.17.jar:10.1.17]
	at org.springframework.web.filter.CharacterEncodingFilter.doFilterInternal(CharacterEncodingFilter.java:201) ~[spring-web-6.1.2.jar:6.1.2]
	at org.springframework.web.filter.OncePerRequestFilter.doFilter(OncePerRequestFilter.java:116) ~[spring-web-6.1.2.jar:6.1.2]
	at org.apache.catalina.core.ApplicationFilterChain.internalDoFilter(ApplicationFilterChain.java:174) ~[tomcat-embed-core-10.1.17.jar:10.1.17]
	at org.apache.catalina.core.ApplicationFilterChain.doFilter(ApplicationFilterChain.java:149) ~[tomcat-embed-core-10.1.17.jar:10.1.17]
	at org.apache.catalina.core.StandardWrapperValve.invoke(StandardWrapperValve.java:167) ~[tomcat-embed-core-10.1.17.jar:10.1.17]
	at org.apache.catalina.core.StandardContextValve.invoke(StandardContextValve.java:90) ~[tomcat-embed-core-10.1.17.jar:10.1.17]
	at org.apache.catalina.authenticator.AuthenticatorBase.invoke(AuthenticatorBase.java:482) ~[tomcat-embed-core-10.1.17.jar:10.1.17]
	at org.apache.catalina.core.StandardHostValve.invoke(StandardHostValve.java:115) ~[tomcat-embed-core-10.1.17.jar:10.1.17]
	at org.apache.catalina.valves.ErrorReportValve.invoke(ErrorReportValve.java:93) ~[tomcat-embed-core-10.1.17.jar:10.1.17]
	at org.apache.catalina.core.StandardEngineValve.invoke(StandardEngineValve.java:74) ~[tomcat-embed-core-10.1.17.jar:10.1.17]
	at org.apache.catalina.connector.CoyoteAdapter.service(CoyoteAdapter.java:340) ~[tomcat-embed-core-10.1.17.jar:10.1.17]
	at org.apache.coyote.http11.Http11Processor.service(Http11Processor.java:391) ~[tomcat-embed-core-10.1.17.jar:10.1.17]
	at org.apache.coyote.AbstractProcessorLight.process(AbstractProcessorLight.java:63) ~[tomcat-embed-core-10.1.17.jar:10.1.17]
	at org.apache.coyote.AbstractProtocol$ConnectionHandler.process(AbstractProtocol.java:896) ~[tomcat-embed-core-10.1.17.jar:10.1.17]
	at org.apache.tomcat.util.net.NioEndpoint$SocketProcessor.doRun(NioEndpoint.java:1744) ~[tomcat-embed-core-10.1.17.jar:10.1.17]
	at org.apache.tomcat.util.net.SocketProcessorBase.run(SocketProcessorBase.java:52) ~[tomcat-embed-core-10.1.17.jar:10.1.17]
	at org.apache.tomcat.util.threads.ThreadPoolExecutor.runWorker(ThreadPoolExecutor.java:1191) ~[tomcat-embed-core-10.1.17.jar:10.1.17]
	at org.apache.tomcat.util.threads.ThreadPoolExecutor$Worker.run(ThreadPoolExecutor.java:659) ~[tomcat-embed-core-10.1.17.jar:10.1.17]
	at org.apache.tomcat.util.threads.TaskThread$WrappingRunnable.run(TaskThread.java:61) ~[tomcat-embed-core-10.1.17.jar:10.1.17]
	at java.base/java.lang.Thread.run(Thread.java:842) ~[na:na]

2026-04-03T02:41:40.839+08:00 ERROR 27796 --- [knowledge-base] [http-nio-9902-exec-1] i.g.q.k.i.config.GlobalExceptionAdvice   : 系统异常

org.springframework.web.servlet.resource.NoResourceFoundException: No static resource exercise-record/user.
	at org.springframework.web.servlet.resource.ResourceHttpRequestHandler.handleRequest(ResourceHttpRequestHandler.java:585) ~[spring-webmvc-6.1.2.jar:6.1.2]
	at org.springframework.web.servlet.mvc.HttpRequestHandlerAdapter.handle(HttpRequestHandlerAdapter.java:52) ~[spring-webmvc-6.1.2.jar:6.1.2]
	at org.springframework.web.servlet.DispatcherServlet.doDispatch(DispatcherServlet.java:1089) ~[spring-webmvc-6.1.2.jar:6.1.2]
	at org.springframework.web.servlet.DispatcherServlet.doService(DispatcherServlet.java:979) ~[spring-webmvc-6.1.2.jar:6.1.2]
	at org.springframework.web.servlet.FrameworkServlet.processRequest(FrameworkServlet.java:1014) ~[spring-webmvc-6.1.2.jar:6.1.2]
	at org.springframework.web.servlet.FrameworkServlet.doGet(FrameworkServlet.java:903) ~[spring-webmvc-6.1.2.jar:6.1.2]
	at jakarta.servlet.http.HttpServlet.service(HttpServlet.java:564) ~[tomcat-embed-core-10.1.17.jar:6.0]
	at org.springframework.web.servlet.FrameworkServlet.service(FrameworkServlet.java:885) ~[spring-webmvc-6.1.2.jar:6.1.2]
	at jakarta.servlet.http.HttpServlet.service(HttpServlet.java:658) ~[tomcat-embed-core-10.1.17.jar:6.0]
	at org.apache.catalina.core.ApplicationFilterChain.internalDoFilter(ApplicationFilterChain.java:205) ~[tomcat-embed-core-10.1.17.jar:10.1.17]
	at org.apache.catalina.core.ApplicationFilterChain.doFilter(ApplicationFilterChain.java:149) ~[tomcat-embed-core-10.1.17.jar:10.1.17]
	at org.apache.tomcat.websocket.server.WsFilter.doFilter(WsFilter.java:51) ~[tomcat-embed-websocket-10.1.17.jar:10.1.17]
	at org.apache.catalina.core.ApplicationFilterChain.internalDoFilter(ApplicationFilterChain.java:174) ~[tomcat-embed-core-10.1.17.jar:10.1.17]
	at org.apache.catalina.core.ApplicationFilterChain.doFilter(ApplicationFilterChain.java:149) ~[tomcat-embed-core-10.1.17.jar:10.1.17]
	at org.springframework.web.filter.RequestContextFilter.doFilterInternal(RequestContextFilter.java:100) ~[spring-web-6.1.2.jar:6.1.2]
	at org.springframework.web.filter.OncePerRequestFilter.doFilter(OncePerRequestFilter.java:116) ~[spring-web-6.1.2.jar:6.1.2]
	at org.apache.catalina.core.ApplicationFilterChain.internalDoFilter(ApplicationFilterChain.java:174) ~[tomcat-embed-core-10.1.17.jar:10.1.17]
	at org.apache.catalina.core.ApplicationFilterChain.doFilter(ApplicationFilterChain.java:149) ~[tomcat-embed-core-10.1.17.jar:10.1.17]
	at cn.dev33.satoken.filter.SaPathCheckFilterForJakartaServlet.doFilter(SaPathCheckFilterForJakartaServlet.java:55) ~[sa-token-spring-boot3-starter-1.37.0.jar:na]
	at org.apache.catalina.core.ApplicationFilterChain.internalDoFilter(ApplicationFilterChain.java:174) ~[tomcat-embed-core-10.1.17.jar:10.1.17]
	at org.apache.catalina.core.ApplicationFilterChain.doFilter(ApplicationFilterChain.java:149) ~[tomcat-embed-core-10.1.17.jar:10.1.17]
	at org.springframework.web.filter.FormContentFilter.doFilterInternal(FormContentFilter.java:93) ~[spring-web-6.1.2.jar:6.1.2]
	at org.springframework.web.filter.OncePerRequestFilter.doFilter(OncePerRequestFilter.java:116) ~[spring-web-6.1.2.jar:6.1.2]
	at org.apache.catalina.core.ApplicationFilterChain.internalDoFilter(ApplicationFilterChain.java:174) ~[tomcat-embed-core-10.1.17.jar:10.1.17]
	at org.apache.catalina.core.ApplicationFilterChain.doFilter(ApplicationFilterChain.java:149) ~[tomcat-embed-core-10.1.17.jar:10.1.17]
	at org.springframework.web.filter.ServerHttpObservationFilter.doFilterInternal(ServerHttpObservationFilter.java:109) ~[spring-web-6.1.2.jar:6.1.2]
	at org.springframework.web.filter.OncePerRequestFilter.doFilter(OncePerRequestFilter.java:116) ~[spring-web-6.1.2.jar:6.1.2]
	at org.apache.catalina.core.ApplicationFilterChain.internalDoFilter(ApplicationFilterChain.java:174) ~[tomcat-embed-core-10.1.17.jar:10.1.17]
	at org.apache.catalina.core.ApplicationFilterChain.doFilter(ApplicationFilterChain.java:149) ~[tomcat-embed-core-10.1.17.jar:10.1.17]
	at org.springframework.web.filter.CharacterEncodingFilter.doFilterInternal(CharacterEncodingFilter.java:201) ~[spring-web-6.1.2.jar:6.1.2]
	at org.springframework.web.filter.OncePerRequestFilter.doFilter(OncePerRequestFilter.java:116) ~[spring-web-6.1.2.jar:6.1.2]
	at org.apache.catalina.core.ApplicationFilterChain.internalDoFilter(ApplicationFilterChain.java:174) ~[tomcat-embed-core-10.1.17.jar:10.1.17]
	at org.apache.catalina.core.ApplicationFilterChain.doFilter(ApplicationFilterChain.java:149) ~[tomcat-embed-core-10.1.17.jar:10.1.17]
	at org.apache.catalina.core.StandardWrapperValve.invoke(StandardWrapperValve.java:167) ~[tomcat-embed-core-10.1.17.jar:10.1.17]
	at org.apache.catalina.core.StandardContextValve.invoke(StandardContextValve.java:90) ~[tomcat-embed-core-10.1.17.jar:10.1.17]
	at org.apache.catalina.authenticator.AuthenticatorBase.invoke(AuthenticatorBase.java:482) ~[tomcat-embed-core-10.1.17.jar:10.1.17]
	at org.apache.catalina.core.StandardHostValve.invoke(StandardHostValve.java:115) ~[tomcat-embed-core-10.1.17.jar:10.1.17]
	at org.apache.catalina.valves.ErrorReportValve.invoke(ErrorReportValve.java:93) ~[tomcat-embed-core-10.1.17.jar:10.1.17]
	at org.apache.catalina.core.StandardEngineValve.invoke(StandardEngineValve.java:74) ~[tomcat-embed-core-10.1.17.jar:10.1.17]
	at org.apache.catalina.connector.CoyoteAdapter.service(CoyoteAdapter.java:340) ~[tomcat-embed-core-10.1.17.jar:10.1.17]
	at org.apache.coyote.http11.Http11Processor.service(Http11Processor.java:391) ~[tomcat-embed-core-10.1.17.jar:10.1.17]
	at org.apache.coyote.AbstractProcessorLight.process(AbstractProcessorLight.java:63) ~[tomcat-embed-core-10.1.17.jar:10.1.17]
	at org.apache.coyote.AbstractProtocol$ConnectionHandler.process(AbstractProtocol.java:896) ~[tomcat-embed-core-10.1.17.jar:10.1.17]
	at org.apache.tomcat.util.net.NioEndpoint$SocketProcessor.doRun(NioEndpoint.java:1744) ~[tomcat-embed-core-10.1.17.jar:10.1.17]
	at org.apache.tomcat.util.net.SocketProcessorBase.run(SocketProcessorBase.java:52) ~[tomcat-embed-core-10.1.17.jar:10.1.17]
	at org.apache.tomcat.util.threads.ThreadPoolExecutor.runWorker(ThreadPoolExecutor.java:1191) ~[tomcat-embed-core-10.1.17.jar:10.1.17]
	at org.apache.tomcat.util.threads.ThreadPoolExecutor$Worker.run(ThreadPoolExecutor.java:659) ~[tomcat-embed-core-10.1.17.jar:10.1.17]
	at org.apache.tomcat.util.threads.TaskThread$WrappingRunnable.run(TaskThread.java:61) ~[tomcat-embed-core-10.1.17.jar:10.1.17]
	at java.base/java.lang.Thread.run(Thread.java:842) ~[na:na]

